protocol,noise_model,parameter,circuit_label,n_failed_test_rounds,decoded_output,correct_value,match,computation_outcomes_count
FK12,malicious,0.0,circuit5463.qasm,0,0.0,0,✓,"{'100': 40, '011': 60}"
FK12,malicious,0.0,circuit8843.qasm,0,1.0,1,✓,"{'000': 25, '100': 55, '011': 13, '111': 7}"
FK12,malicious,0.0,circuit3966.qasm,0,1.0,1,✓,"{'001': 35, '101': 58, '100': 5, '000': 2}"
FK12,malicious,0.0,circuit2875.qasm,0,1.0,1,✓,"{'101': 25, '111': 24, '011': 13, '010': 3, '001': 8, '100': 9, '110': 11, '000': 7}"
FK12,malicious,0.0,circuit5231.qasm,0,0.0,0,✓,"{'001': 49, '101': 31, '000': 10, '100': 10}"
FK12,malicious,0.0,circuit6764.qasm,0,0.0,0,✓,"{'100': 20, '000': 60, '111': 19, '011': 1}"
FK12,malicious,0.0,circuit9797.qasm,0,0.0,0,✓,"{'010': 3, '000': 59, '100': 3, '110': 35}"
FK12,malicious,0.0,circuit3874.qasm,0,1.0,1,✓,"{'001': 16, '110': 62, '010': 5, '111': 5, '101': 1, '000': 7, '100': 4}"
FK12,malicious,0.0,circuit9941.qasm,0,0.0,0,✓,"{'100': 13, '010': 38, '111': 12, '101': 5, '001': 18, '110': 1, '011': 11, '000': 2}"
FK12,malicious,0.0,circuit2569.qasm,0,1.0,1,✓,"{'000': 22, '110': 8, '111': 52, '001': 18}"
FK12,malicious,0.0,circuit8872.qasm,0,0.0,0,✓,"{'000': 61, '010': 7, '110': 26, '100': 6}"
FK12,malicious,0.0,circuit0970.qasm,0,0.0,0,✓,"{'111': 3, '010': 33, '000': 26, '110': 19, '011': 1, '001': 4, '101': 8, '100': 6}"
FK12,malicious,0.0,circuit0389.qasm,0,1.0,1,✓,"{'000': 38, '110': 60, '011': 2}"
FK12,malicious,0.0,circuit9534.qasm,0,1.0,1,✓,"{'110': 20, '100': 14, '001': 12, '101': 13, '111': 21, '000': 17, '010': 1, '011': 2}"
FK12,malicious,0.0,circuit7354.qasm,0,1.0,1,✓,"{'110': 59, '010': 28, '011': 6, '111': 7}"
FK12,malicious,0.0,circuit6467.qasm,0,1.0,1,✓,"{'101': 17, '110': 12, '001': 7, '100': 17, '111': 9, '011': 15, '010': 9, '000': 14}"
FK12,malicious,0.0,circuit0874.qasm,0,0.0,0,✓,"{'000': 38, '111': 15, '011': 8, '101': 5, '001': 17, '110': 5, '100': 10, '010': 2}"
FK12,malicious,0.0,circuit2595.qasm,0,0.0,0,✓,"{'011': 62, '111': 8, '100': 14, '101': 9, '000': 2, '010': 2, '001': 2, '110': 1}"
FK12,malicious,0.0,circuit0736.qasm,0,0.0,0,✓,"{'100': 8, '000': 23, '101': 12, '111': 16, '010': 4, '011': 25, '110': 10, '001': 2}"
FK12,malicious,0.0,circuit7844.qasm,0,1.0,1,✓,"{'101': 18, '110': 41, '011': 21, '000': 20}"
FK12,malicious,0.0,circuit9496.qasm,0,1.0,1,✓,"{'001': 18, '111': 53, '000': 23, '110': 6}"
FK12,malicious,0.0,circuit7404.qasm,0,1.0,1,✓,"{'011': 20, '111': 58, '100': 4, '000': 18}"
FK12,malicious,0.0,circuit1761.qasm,0,1.0,1,✓,"{'101': 53, '111': 9, '011': 33, '001': 5}"
FK12,malicious,0.0,circuit0614.qasm,0,1.0,1,✓,"{'100': 3, '110': 46, '010': 12, '101': 8, '001': 12, '011': 6, '111': 11, '000': 2}"
FK12,malicious,0.0,circuit3217.qasm,0,1.0,1,✓,"{'100': 8, '111': 61, '011': 12, '000': 11, '110': 4, '010': 1, '001': 2, '101': 1}"
FK12,malicious,0.0,circuit6682.qasm,0,1.0,1,✓,"{'111': 58, '011': 17, '000': 17, '100': 8}"
FK12,malicious,0.0,circuit4894.qasm,0,0.0,0,✓,"{'101': 13, '010': 64, '001': 5, '110': 18}"
FK12,malicious,0.0,circuit9992.qasm,0,0.0,0,✓,"{'100': 9, '111': 8, '010': 18, '110': 11, '000': 21, '001': 16, '101': 6, '011': 11}"
FK12,malicious,0.0,circuit7338.qasm,0,1.0,1,✓,"{'000': 9, '111': 33, '001': 6, '011': 11, '100': 17, '010': 17, '110': 7}"
FK12,malicious,0.0,circuit1233.qasm,0,0.0,0,✓,"{'010': 23, '011': 30, '110': 6, '111': 18, '101': 7, '000': 6, '100': 8, '001': 2}"
FK12,malicious,0.0,circuit9978.qasm,0,1.0,1,✓,"{'001': 32, '111': 55, '100': 10, '010': 3}"
FK12,malicious,0.0,circuit1952.qasm,0,1.0,1,✓,"{'111': 53, '110': 12, '010': 11, '011': 24}"
FK12,malicious,0.0,circuit8928.qasm,0,0.0,0,✓,"{'110': 19, '001': 57, '000': 6, '111': 18}"
FK12,malicious,0.0,circuit8080.qasm,0,1.0,1,✓,"{'011': 11, '110': 33, '111': 31, '000': 3, '010': 8, '101': 5, '001': 7, '100': 2}"
FK12,malicious,0.0,circuit5723.qasm,0,1.0,1,✓,"{'010': 8, '001': 19, '011': 6, '101': 36, '111': 20, '110': 8, '100': 1, '000': 2}"
FK12,malicious,0.0,circuit4013.qasm,0,0.0,0,✓,"{'111': 10, '100': 14, '011': 9, '001': 22, '010': 16, '110': 12, '000': 9, '101': 8}"
FK12,malicious,0.0,circuit3926.qasm,0,0.0,0,✓,"{'111': 37, '011': 49, '000': 12, '100': 2}"
FK12,malicious,0.0,circuit6073.qasm,0,1.0,1,✓,"{'000': 1, '101': 61, '010': 7, '111': 2, '011': 8, '110': 4, '001': 16, '100': 1}"
FK12,malicious,0.0,circuit2622.qasm,0,0.0,0,✓,"{'001': 50, '111': 20, '101': 12, '110': 3, '011': 7, '100': 3, '010': 4, '000': 1}"
FK12,malicious,0.0,circuit4617.qasm,0,1.0,1,✓,"{'001': 10, '100': 28, '101': 32, '000': 7, '110': 2, '010': 4, '011': 11, '111': 6}"
FK12,malicious,0.0,circuit4460.qasm,0,0.0,0,✓,"{'000': 54, '111': 21, '100': 18, '011': 7}"
FK12,malicious,0.0,circuit3513.qasm,0,1.0,1,✓,"{'100': 26, '000': 17, '111': 20, '010': 4, '110': 4, '001': 6, '011': 16, '101': 7}"
FK12,malicious,0.0,circuit5351.qasm,0,0.0,0,✓,"{'010': 57, '101': 18, '011': 6, '110': 14, '111': 1, '001': 2, '100': 2}"
FK12,malicious,0.0,circuit5990.qasm,0,1.0,1,✓,"{'010': 14, '100': 1, '110': 46, '000': 4, '001': 18, '101': 6, '011': 3, '111': 8}"
FK12,malicious,0.0,circuit3406.qasm,0,0.0,0,✓,"{'001': 23, '000': 7, '101': 20, '110': 12, '010': 16, '011': 10, '111': 7, '100': 5}"
FK12,malicious,0.0,circuit7046.qasm,0,0.0,0,✓,"{'011': 46, '100': 15, '111': 19, '101': 10, '010': 4, '110': 1, '001': 4, '000': 1}"
FK12,malicious,0.0,circuit5794.qasm,0,0.0,0,✓,"{'000': 46, '011': 6, '101': 4, '010': 12, '110': 9, '001': 4, '111': 14, '100': 5}"
FK12,malicious,0.0,circuit3928.qasm,0,1.0,1,✓,"{'111': 49, '000': 30, '011': 19, '100': 2}"
FK12,malicious,0.0,circuit0354.qasm,0,0.0,0,✓,"{'100': 20, '111': 11, '001': 11, '000': 47, '011': 3, '101': 1, '010': 3, '110': 4}"
FK12,malicious,0.0,circuit5594.qasm,0,1.0,1,✓,"{'110': 50, '000': 32, '101': 13, '011': 5}"
FK12,malicious,0.0,circuit3927.qasm,0,1.0,1,✓,"{'011': 41, '101': 46, '000': 5, '110': 5, '111': 3}"
FK12,malicious,0.0,circuit5377.qasm,0,0.0,0,✓,"{'100': 10, '011': 50, '010': 10, '111': 13, '101': 11, '001': 3, '000': 3}"
FK12,malicious,0.0,circuit4065.qasm,0,0.0,0,✓,"{'010': 26, '011': 30, '000': 4, '111': 14, '101': 8, '001': 4, '100': 9, '110': 5}"
FK12,malicious,0.0,circuit0338.qasm,0,0.0,0,✓,"{'000': 29, '101': 8, '001': 4, '011': 26, '100': 12, '110': 10, '111': 7, '010': 4}"
FK12,malicious,0.0,circuit9699.qasm,0,1.0,1,✓,"{'111': 54, '001': 22, '110': 3, '000': 21}"
FK12,malicious,0.0,circuit2149.qasm,0,1.0,1,✓,"{'011': 21, '100': 54, '000': 20, '111': 5}"
FK12,malicious,0.0,circuit6984.qasm,0,1.0,1,✓,"{'110': 53, '101': 3, '010': 13, '100': 4, '000': 11, '001': 13, '111': 3}"
FK12,malicious,0.0,circuit9745.qasm,0,1.0,1,✓,"{'101': 44, '011': 27, '110': 7, '000': 4, '001': 6, '100': 1, '111': 11}"
FK12,malicious,0.0,circuit7117.qasm,0,1.0,1,✓,"{'111': 59, '000': 6, '001': 17, '101': 2, '011': 12, '110': 2, '100': 2}"
FK12,malicious,0.0,circuit4800.qasm,0,1.0,1,✓,"{'101': 25, '010': 17, '110': 27, '011': 13, '000': 8, '001': 4, '100': 4, '111': 2}"
FK12,malicious,0.0,circuit7303.qasm,0,0.0,0,✓,"{'001': 63, '111': 18, '101': 14, '011': 5}"
FK12,malicious,0.0,circuit2890.qasm,0,0.0,0,✓,"{'101': 15, '111': 23, '001': 55, '010': 5, '110': 1, '100': 1}"
FK12,malicious,0.0,circuit8792.qasm,0,0.0,0,✓,"{'110': 21, '001': 57, '111': 8, '101': 7, '010': 4, '000': 1, '011': 2}"
FK12,malicious,0.0,circuit7116.qasm,0,0.0,0,✓,"{'011': 27, '010': 16, '001': 14, '110': 15, '111': 16, '000': 12}"
FK12,malicious,0.0,circuit3701.qasm,0,1.0,1,✓,"{'011': 7, '111': 22, '110': 2, '100': 31, '000': 14, '010': 9, '001': 14, '101': 1}"
FK12,malicious,0.0,circuit2235.qasm,0,0.0,0,✓,"{'011': 5, '000': 14, '110': 7, '010': 7, '111': 22, '001': 39, '100': 4, '101': 2}"
FK12,malicious,0.0,circuit2994.qasm,0,1.0,1,✓,"{'101': 29, '110': 21, '100': 6, '001': 28, '000': 2, '010': 9, '111': 5}"
FK12,malicious,0.0,circuit6300.qasm,0,1.0,1,✓,"{'011': 17, '000': 18, '110': 33, '101': 32}"
FK12,malicious,0.0,circuit3915.qasm,0,1.0,1,✓,"{'000': 18, '100': 26, '110': 23, '001': 4, '010': 17, '011': 4, '111': 3, '101': 5}"
FK12,malicious,0.0,circuit2758.qasm,0,0.0,0,✓,"{'000': 52, '110': 11, '010': 2, '100': 10, '111': 19, '011': 2, '001': 3, '101': 1}"
FK12,malicious,0.0,circuit4577.qasm,0,1.0,1,✓,"{'111': 39, '001': 19, '010': 7, '011': 2, '100': 14, '101': 2, '110': 10, '000': 7}"
FK12,malicious,0.0,circuit2912.qasm,0,0.0,0,✓,"{'110': 34, '001': 13, '111': 5, '000': 48}"
FK12,malicious,0.0,circuit5951.qasm,0,0.0,0,✓,"{'000': 30, '011': 32, '101': 11, '010': 3, '110': 16, '111': 3, '001': 3, '100': 2}"
FK12,malicious,0.0,circuit3825.qasm,0,1.0,1,✓,"{'101': 26, '000': 8, '111': 7, '100': 28, '011': 9, '001': 13, '010': 7, '110': 2}"
FK12,malicious,0.0,circuit2468.qasm,0,1.0,1,✓,"{'011': 31, '111': 61, '110': 5, '010': 3}"
FK12,malicious,0.0,circuit8166.qasm,0,0.0,0,✓,"{'111': 14, '000': 45, '100': 29, '011': 3, '001': 1, '010': 6, '110': 2}"
FK12,malicious,0.0,circuit0453.qasm,0,0.0,0,✓,"{'011': 21, '001': 29, '111': 16, '100': 2, '101': 15, '000': 7, '010': 6, '110': 4}"
FK12,malicious,0.0,circuit5996.qasm,0,1.0,1,✓,"{'110': 27, '100': 33, '010': 13, '000': 11, '001': 6, '101': 6, '111': 3, '011': 1}"
FK12,malicious,0.0,circuit6162.qasm,0,1.0,1,✓,"{'110': 48, '111': 19, '001': 22, '000': 11}"
FK12,malicious,0.0,circuit5293.qasm,0,1.0,1,✓,"{'100': 47, '000': 25, '011': 15, '111': 13}"
FK12,malicious,0.0,circuit9009.qasm,0,0.0,0,✓,"{'001': 54, '110': 17, '000': 5, '111': 9, '101': 8, '010': 5, '011': 2}"
FK12,malicious,0.0,circuit4361.qasm,0,0.0,0,✓,"{'000': 65, '100': 16, '111': 14, '011': 5}"
FK12,malicious,0.0,circuit7892.qasm,0,1.0,1,✓,"{'011': 9, '010': 16, '101': 60, '111': 1, '100': 6, '110': 4, '001': 4}"
FK12,malicious,0.0,circuit5525.qasm,0,1.0,1,✓,"{'100': 34, '000': 13, '110': 35, '010': 18}"
FK12,malicious,0.0,circuit0138.qasm,0,1.0,1,✓,"{'110': 65, '000': 35}"
FK12,malicious,0.0,circuit6783.qasm,0,0.0,0,✓,"{'000': 32, '100': 8, '001': 34, '011': 5, '101': 5, '111': 5, '110': 9, '010': 2}"
FK12,malicious,0.0,circuit7085.qasm,0,0.0,0,✓,"{'000': 6, '011': 57, '100': 21, '111': 16}"
FK12,malicious,0.0,circuit2788.qasm,0,1.0,1,✓,"{'110': 45, '111': 10, '101': 4, '011': 5, '010': 18, '001': 13, '000': 5}"
FK12,malicious,0.0,circuit4214.qasm,0,1.0,1,✓,"{'101': 56, '100': 12, '010': 25, '011': 7}"
FK12,malicious,0.0,circuit4346.qasm,0,1.0,1,✓,"{'000': 24, '100': 9, '011': 18, '111': 49}"
FK12,malicious,0.0,circuit8996.qasm,0,0.0,0,✓,"{'001': 35, '011': 28, '111': 6, '010': 4, '100': 13, '101': 4, '110': 7, '000': 3}"
FK12,malicious,0.0,circuit4963.qasm,0,0.0,0,✓,"{'101': 33, '000': 16, '010': 45, '111': 6}"
FK12,malicious,0.0,circuit2069.qasm,0,1.0,1,✓,"{'000': 11, '100': 56, '011': 19, '101': 11, '010': 3}"
FK12,malicious,0.0,circuit8043.qasm,0,1.0,1,✓,"{'001': 11, '110': 45, '010': 24, '000': 8, '101': 2, '111': 2, '100': 7, '011': 1}"
FK12,malicious,0.0,circuit6756.qasm,0,0.0,0,✓,"{'010': 45, '110': 18, '111': 9, '100': 6, '001': 11, '000': 3, '101': 1, '011': 7}"
FK12,malicious,0.0,circuit7253.qasm,0,1.0,1,✓,"{'000': 33, '011': 5, '110': 52, '101': 10}"
FK12,malicious,0.0,circuit5450.qasm,0,0.0,0,✓,"{'100': 18, '000': 8, '011': 55, '111': 19}"
FK12,malicious,0.0,circuit7443.qasm,0,0.0,0,✓,"{'010': 63, '000': 2, '110': 15, '100': 6, '101': 12, '001': 1, '111': 1}"
FK12,malicious,0.0,circuit1112.qasm,0,1.0,1,✓,"{'100': 51, '111': 4, '011': 21, '000': 13, '010': 6, '110': 3, '101': 2}"
FK12,malicious,0.0,circuit6034.qasm,0,1.0,1,✓,"{'111': 73, '011': 27}"
FK12,malicious,0.05,circuit5463.qasm,1,0.0,0,✓,"{'000': 3, '111': 2, '011': 68, '100': 27}"
FK12,malicious,0.05,circuit8843.qasm,0,1.0,1,✓,"{'011': 20, '111': 11, '100': 55, '000': 14}"
FK12,malicious,0.05,circuit3966.qasm,4,1.0,1,✓,"{'100': 5, '101': 60, '001': 32, '000': 3}"
FK12,malicious,0.05,circuit2875.qasm,3,1.0,1,✓,"{'100': 5, '001': 18, '011': 13, '111': 19, '101': 22, '110': 6, '010': 9, '000': 8}"
FK12,malicious,0.05,circuit5231.qasm,1,0.0,0,✓,"{'001': 52, '101': 27, '100': 9, '000': 12}"
FK12,malicious,0.05,circuit6764.qasm,2,0.0,0,✓,"{'000': 56, '111': 14, '100': 27, '011': 3}"
FK12,malicious,0.05,circuit9797.qasm,1,0.0,0,✓,"{'000': 59, '110': 30, '100': 4, '010': 7}"
FK12,malicious,0.05,circuit3874.qasm,2,1.0,1,✓,"{'111': 3, '001': 17, '010': 12, '110': 49, '000': 13, '101': 2, '011': 2, '100': 2}"
FK12,malicious,0.05,circuit9941.qasm,3,0.0,0,✓,"{'010': 35, '100': 14, '011': 11, '101': 3, '001': 17, '110': 4, '111': 13, '000': 3}"
FK12,malicious,0.05,circuit2569.qasm,2,1.0,1,✓,"{'111': 52, '001': 14, '110': 6, '000': 23, '011': 2, '100': 3}"
FK12,malicious,0.05,circuit8872.qasm,1,0.0,0,✓,"{'110': 38, '000': 50, '010': 9, '100': 3}"
FK12,malicious,0.05,circuit0970.qasm,3,0.0,0,✓,"{'000': 27, '110': 20, '100': 10, '010': 31, '101': 2, '111': 4, '001': 4, '011': 2}"
FK12,malicious,0.05,circuit0389.qasm,5,1.0,1,✓,"{'000': 29, '110': 62, '011': 3, '010': 3, '101': 2, '100': 1}"
FK12,malicious,0.05,circuit9534.qasm,1,1.0,1,✓,"{'100': 17, '110': 15, '001': 19, '000': 14, '101': 13, '111': 19, '011': 3}"
FK12,malicious,0.05,circuit7354.qasm,2,1.0,1,✓,"{'110': 57, '111': 10, '010': 29, '011': 4}"
FK12,malicious,0.05,circuit6467.qasm,2,1.0,1,✓,"{'110': 13, '111': 20, '100': 12, '011': 13, '101': 15, '000': 13, '001': 7, '010': 7}"
FK12,malicious,0.05,circuit0874.qasm,2,0.0,0,✓,"{'100': 8, '001': 20, '110': 5, '000': 40, '111': 11, '101': 8, '011': 7, '010': 1}"
FK12,malicious,0.05,circuit2595.qasm,3,0.0,0,✓,"{'011': 53, '111': 13, '001': 2, '000': 6, '100': 16, '101': 7, '110': 1, '010': 2}"
FK12,malicious,0.05,circuit0736.qasm,3,0.0,0,✓,"{'011': 30, '000': 29, '001': 3, '010': 2, '101': 11, '111': 12, '100': 9, '110': 4}"
FK12,malicious,0.05,circuit7844.qasm,1,1.0,1,✓,"{'110': 42, '101': 25, '011': 12, '000': 18, '010': 1, '100': 2}"
FK12,malicious,0.05,circuit9496.qasm,4,1.0,1,✓,"{'111': 56, '001': 21, '100': 5, '110': 5, '101': 2, '000': 10, '011': 1}"
FK12,malicious,0.05,circuit7404.qasm,2,1.0,1,✓,"{'000': 17, '111': 50, '100': 7, '011': 26}"
FK12,malicious,0.05,circuit1761.qasm,2,1.0,1,✓,"{'011': 29, '101': 60, '001': 7, '111': 4}"
FK12,malicious,0.05,circuit0614.qasm,2,1.0,1,✓,"{'010': 18, '101': 6, '001': 14, '111': 13, '110': 45, '011': 1, '000': 1, '100': 2}"
FK12,malicious,0.05,circuit3217.qasm,0,1.0,1,✓,"{'100': 9, '011': 14, '000': 16, '111': 50, '110': 9, '001': 1, '010': 1}"
FK12,malicious,0.05,circuit6682.qasm,1,1.0,1,✓,"{'111': 57, '000': 23, '100': 8, '011': 12}"
FK12,malicious,0.05,circuit4894.qasm,5,0.0,0,✓,"{'010': 57, '001': 2, '110': 15, '101': 26}"
FK12,malicious,0.05,circuit9992.qasm,3,0.0,0,✓,"{'011': 16, '010': 14, '001': 16, '111': 9, '100': 11, '000': 15, '101': 11, '110': 8}"
FK12,malicious,0.05,circuit7338.qasm,0,1.0,1,✓,"{'100': 15, '001': 7, '011': 15, '010': 13, '111': 35, '000': 9, '110': 6}"
FK12,malicious,0.05,circuit1233.qasm,2,0.0,0,✓,"{'010': 24, '111': 15, '011': 35, '110': 6, '100': 9, '101': 6, '000': 4, '001': 1}"
FK12,malicious,0.05,circuit9978.qasm,2,1.0,1,✓,"{'111': 48, '100': 11, '010': 5, '001': 34, '011': 2}"
FK12,malicious,0.05,circuit1952.qasm,5,1.0,1,✓,"{'111': 50, '011': 33, '010': 7, '110': 10}"
FK12,malicious,0.05,circuit8928.qasm,6,0.0,0,✓,"{'111': 14, '001': 54, '110': 23, '100': 1, '101': 2, '000': 5, '010': 1}"
FK12,malicious,0.05,circuit8080.qasm,1,1.0,1,✓,"{'101': 4, '010': 11, '111': 20, '000': 7, '110': 29, '011': 17, '001': 9, '100': 3}"
FK12,malicious,0.05,circuit5723.qasm,3,1.0,1,✓,"{'101': 32, '001': 27, '111': 22, '011': 8, '110': 2, '010': 3, '000': 6}"
FK12,malicious,0.05,circuit4013.qasm,4,0.0,0,✓,"{'000': 20, '001': 18, '011': 13, '110': 12, '010': 19, '111': 6, '101': 7, '100': 5}"
FK12,malicious,0.05,circuit3926.qasm,3,0.0,0,✓,"{'011': 54, '111': 28, '000': 15, '100': 3}"
FK12,malicious,0.05,circuit6073.qasm,2,1.0,1,✓,"{'011': 9, '101': 56, '001': 16, '100': 2, '111': 3, '010': 11, '000': 1, '110': 2}"
FK12,malicious,0.05,circuit2622.qasm,1,0.0,0,✓,"{'001': 48, '110': 3, '010': 11, '111': 15, '101': 11, '011': 6, '000': 3, '100': 3}"
FK12,malicious,0.05,circuit4617.qasm,3,1.0,1,✓,"{'001': 11, '011': 12, '100': 21, '000': 8, '010': 15, '101': 28, '110': 3, '111': 2}"
FK12,malicious,0.05,circuit4460.qasm,3,0.0,0,✓,"{'111': 22, '000': 44, '100': 24, '011': 10}"
FK12,malicious,0.05,circuit3513.qasm,3,1.0,1,✓,"{'101': 14, '010': 4, '110': 10, '001': 4, '011': 18, '000': 7, '100': 22, '111': 21}"
FK12,malicious,0.05,circuit5351.qasm,3,0.0,0,✓,"{'010': 48, '101': 14, '110': 14, '011': 9, '111': 2, '100': 7, '000': 2, '001': 4}"
FK12,malicious,0.05,circuit5990.qasm,3,1.0,1,✓,"{'110': 54, '010': 10, '011': 4, '111': 8, '001': 12, '101': 6, '100': 3, '000': 3}"
FK12,malicious,0.05,circuit3406.qasm,7,0.0,0,✓,"{'010': 24, '001': 23, '101': 15, '110': 17, '100': 7, '011': 5, '000': 7, '111': 2}"
FK12,malicious,0.05,circuit7046.qasm,4,0.0,0,✓,"{'111': 19, '011': 50, '100': 11, '101': 13, '001': 6, '010': 1}"
FK12,malicious,0.05,circuit5794.qasm,1,0.0,0,✓,"{'000': 49, '110': 13, '011': 3, '010': 5, '111': 14, '001': 1, '100': 14, '101': 1}"
FK12,malicious,0.05,circuit3928.qasm,1,1.0,1,✓,"{'111': 45, '000': 19, '011': 25, '100': 11}"
FK12,malicious,0.05,circuit0354.qasm,6,0.0,0,✓,"{'100': 12, '000': 45, '111': 17, '011': 3, '001': 9, '101': 3, '110': 9, '010': 2}"
FK12,malicious,0.05,circuit5594.qasm,5,1.0,1,✓,"{'110': 51, '000': 27, '010': 2, '011': 10, '101': 9, '100': 1}"
FK12,malicious,0.05,circuit3927.qasm,2,1.0,1,✓,"{'101': 55, '000': 4, '110': 6, '011': 27, '001': 3, '010': 2, '111': 3}"
FK12,malicious,0.05,circuit5377.qasm,3,0.0,0,✓,"{'001': 2, '111': 17, '011': 43, '010': 7, '100': 14, '101': 7, '110': 4, '000': 6}"
FK12,malicious,0.05,circuit4065.qasm,0,0.0,0,✓,"{'011': 27, '010': 27, '100': 11, '110': 11, '101': 10, '000': 3, '111': 4, '001': 7}"
FK12,malicious,0.05,circuit0338.qasm,0,0.0,0,✓,"{'111': 13, '000': 17, '110': 12, '011': 32, '100': 12, '010': 7, '101': 7}"
FK12,malicious,0.05,circuit9699.qasm,3,1.0,1,✓,"{'111': 62, '000': 14, '110': 4, '001': 17, '011': 2, '101': 1}"
FK12,malicious,0.05,circuit2149.qasm,1,1.0,1,✓,"{'100': 53, '000': 20, '011': 20, '111': 7}"
FK12,malicious,0.05,circuit9745.qasm,3,1.0,1,✓,"{'101': 46, '111': 11, '001': 6, '011': 27, '110': 7, '000': 3}"
FK12,malicious,0.05,circuit7117.qasm,3,1.0,1,✓,"{'110': 4, '111': 52, '010': 1, '001': 16, '100': 5, '011': 10, '000': 7, '101': 5}"
FK12,malicious,0.05,circuit4800.qasm,4,1.0,1,✓,"{'011': 7, '001': 6, '000': 8, '101': 21, '010': 12, '100': 4, '110': 38, '111': 4}"
FK12,malicious,0.05,circuit7303.qasm,5,0.0,0,✓,"{'001': 53, '101': 21, '111': 17, '011': 9}"
FK12,malicious,0.05,circuit2890.qasm,3,0.0,0,✓,"{'001': 46, '101': 26, '011': 8, '111': 17, '010': 3}"
FK12,malicious,0.05,circuit8792.qasm,3,0.0,0,✓,"{'111': 9, '001': 62, '101': 9, '110': 15, '000': 3, '010': 2}"
FK12,malicious,0.05,circuit7116.qasm,1,0.0,0,✓,"{'111': 22, '011': 23, '100': 1, '001': 13, '110': 17, '000': 9, '010': 15}"
FK12,malicious,0.05,circuit3701.qasm,2,1.0,1,✓,"{'111': 25, '010': 12, '100': 19, '011': 14, '101': 4, '001': 13, '000': 10, '110': 3}"
FK12,malicious,0.05,circuit2235.qasm,5,0.0,0,✓,"{'001': 32, '110': 10, '111': 24, '000': 18, '100': 4, '011': 5, '010': 7}"
FK12,malicious,0.05,circuit2994.qasm,0,1.0,1,✓,"{'101': 32, '010': 5, '001': 28, '110': 31, '000': 2, '100': 2}"
FK12,malicious,0.05,circuit6300.qasm,0,1.0,1,✓,"{'110': 21, '101': 24, '000': 25, '011': 17, '010': 3, '111': 3, '100': 4, '001': 3}"
FK12,malicious,0.05,circuit3915.qasm,2,1.0,1,✓,"{'010': 24, '110': 25, '100': 22, '000': 16, '111': 1, '101': 5, '001': 2, '011': 5}"
FK12,malicious,0.05,circuit2758.qasm,5,0.0,0,✓,"{'110': 9, '111': 25, '000': 52, '100': 7, '011': 3, '010': 3, '001': 1}"
FK12,malicious,0.05,circuit4577.qasm,2,1.0,1,✓,"{'011': 6, '111': 35, '100': 18, '001': 30, '010': 6, '101': 2, '000': 1, '110': 2}"
FK12,malicious,0.05,circuit2912.qasm,4,0.0,0,✓,"{'001': 10, '010': 1, '000': 47, '111': 8, '110': 31, '100': 2, '101': 1}"
FK12,malicious,0.05,circuit5951.qasm,2,0.0,0,✓,"{'011': 34, '110': 11, '000': 26, '111': 3, '101': 14, '100': 3, '001': 4, '010': 5}"
FK12,malicious,0.05,circuit3825.qasm,2,1.0,1,✓,"{'001': 8, '010': 7, '011': 17, '101': 23, '100': 24, '110': 4, '111': 3, '000': 14}"
FK12,malicious,0.05,circuit2468.qasm,2,1.0,1,✓,"{'111': 57, '011': 39, '010': 1, '110': 3}"
FK12,malicious,0.05,circuit8166.qasm,5,0.0,0,✓,"{'000': 52, '100': 24, '010': 7, '111': 7, '011': 5, '110': 4, '001': 1}"
FK12,malicious,0.05,circuit0453.qasm,1,0.0,0,✓,"{'011': 18, '001': 34, '101': 14, '110': 2, '010': 3, '000': 3, '111': 19, '100': 7}"
FK12,malicious,0.05,circuit5996.qasm,1,1.0,1,✓,"{'110': 21, '100': 35, '101': 5, '010': 13, '000': 17, '011': 3, '001': 3, '111': 3}"
FK12,malicious,0.05,circuit6162.qasm,4,1.0,1,✓,"{'110': 52, '000': 8, '001': 25, '111': 11, '101': 1, '010': 2, '011': 1}"
FK12,malicious,0.05,circuit5293.qasm,3,1.0,1,✓,"{'100': 39, '000': 30, '111': 14, '011': 17}"
FK12,malicious,0.05,circuit9009.qasm,4,0.0,0,✓,"{'001': 58, '110': 24, '111': 8, '100': 2, '101': 4, '000': 2, '011': 2}"
FK12,malicious,0.05,circuit4361.qasm,1,0.0,0,✓,"{'000': 54, '111': 19, '100': 22, '011': 5}"
FK12,malicious,0.05,circuit7892.qasm,8,1.0,1,✓,"{'101': 49, '001': 10, '011': 15, '010': 18, '100': 3, '110': 1, '111': 4}"
FK12,malicious,0.05,circuit5525.qasm,3,1.0,1,✓,"{'000': 15, '010': 27, '110': 23, '100': 35}"
FK12,malicious,0.05,circuit0138.qasm,5,1.0,1,✓,"{'110': 55, '100': 4, '000': 38, '010': 3}"
FK12,malicious,0.05,circuit6783.qasm,4,0.0,0,✓,"{'000': 23, '110': 15, '100': 10, '001': 27, '101': 13, '111': 4, '011': 5, '010': 3}"
FK12,malicious,0.05,circuit7085.qasm,1,0.0,0,✓,"{'111': 21, '000': 5, '011': 53, '100': 21}"
FK12,malicious,0.05,circuit2788.qasm,0,1.0,1,✓,"{'010': 27, '011': 1, '110': 47, '111': 6, '001': 15, '101': 3, '100': 1}"
FK12,malicious,0.05,circuit4214.qasm,5,1.0,1,✓,"{'010': 40, '101': 48, '100': 7, '111': 2, '110': 1, '011': 2}"
FK12,malicious,0.05,circuit4346.qasm,3,1.0,1,✓,"{'000': 15, '111': 55, '011': 21, '100': 9}"
FK12,malicious,0.05,circuit8996.qasm,4,0.0,0,✓,"{'011': 30, '000': 6, '110': 14, '001': 27, '101': 9, '111': 6, '010': 4, '100': 4}"
FK12,malicious,0.05,circuit4963.qasm,3,0.0,0,✓,"{'111': 13, '101': 25, '010': 54, '000': 8}"
FK12,malicious,0.05,circuit2069.qasm,4,1.0,1,✓,"{'011': 15, '100': 48, '010': 5, '101': 8, '000': 20, '111': 1, '001': 3}"
FK12,malicious,0.05,circuit8043.qasm,1,1.0,1,✓,"{'110': 52, '000': 12, '010': 21, '001': 6, '101': 5, '111': 2, '011': 2}"
FK12,malicious,0.05,circuit6756.qasm,2,0.0,0,✓,"{'100': 7, '010': 49, '110': 12, '111': 9, '001': 12, '011': 7, '101': 3, '000': 1}"
FK12,malicious,0.05,circuit7253.qasm,4,1.0,1,✓,"{'110': 44, '000': 36, '101': 10, '011': 6, '010': 4}"
FK12,malicious,0.05,circuit5450.qasm,4,0.0,0,✓,"{'111': 26, '011': 51, '000': 7, '100': 16}"
FK12,malicious,0.05,circuit7443.qasm,2,0.0,0,✓,"{'010': 49, '110': 14, '101': 22, '100': 10, '001': 3, '011': 2}"
FK12,malicious,0.05,circuit1112.qasm,1,1.0,1,✓,"{'100': 55, '000': 11, '011': 13, '010': 11, '101': 4, '111': 5, '110': 1}"
FK12,malicious,0.05,circuit6034.qasm,1,1.0,1,✓,"{'111': 61, '011': 39}"
FK12,malicious,0.1,circuit5463.qasm,3,0.0,0,✓,"{'111': 5, '011': 54, '100': 37, '000': 4}"
FK12,malicious,0.1,circuit8843.qasm,2,1.0,1,✓,"{'100': 62, '000': 20, '011': 12, '111': 6}"
FK12,malicious,0.1,circuit3966.qasm,4,1.0,1,✓,"{'001': 36, '101': 60, '100': 2, '000': 2}"
FK12,malicious,0.1,circuit2875.qasm,2,1.0,1,✓,"{'110': 9, '101': 19, '001': 20, '111': 21, '010': 4, '000': 7, '011': 15, '100': 5}"
FK12,malicious,0.1,circuit5231.qasm,6,0.0,0,✓,"{'001': 56, '000': 7, '101': 32, '100': 5}"
FK12,malicious,0.1,circuit6764.qasm,3,0.0,0,✓,"{'000': 55, '100': 18, '011': 13, '111': 14}"
FK12,malicious,0.1,circuit9797.qasm,4,0.0,0,✓,"{'110': 33, '000': 47, '010': 12, '100': 8}"
FK12,malicious,0.1,circuit3874.qasm,2,1.0,1,✓,"{'110': 42, '100': 3, '001': 28, '111': 3, '010': 10, '000': 9, '011': 2, '101': 3}"
FK12,malicious,0.1,circuit9941.qasm,3,0.0,0,✓,"{'100': 18, '111': 10, '010': 45, '110': 5, '001': 12, '101': 3, '011': 6, '000': 1}"
FK12,malicious,0.1,circuit2569.qasm,7,1.0,1,✓,"{'111': 51, '110': 7, '001': 17, '000': 14, '011': 6, '010': 3, '100': 1, '101': 1}"
FK12,malicious,0.1,circuit8872.qasm,6,0.0,0,✓,"{'110': 30, '000': 54, '010': 8, '100': 8}"
FK12,malicious,0.1,circuit0970.qasm,3,0.0,0,✓,"{'010': 32, '110': 30, '111': 3, '000': 19, '011': 3, '101': 5, '100': 6, '001': 2}"
FK12,malicious,0.1,circuit0389.qasm,6,1.0,1,✓,"{'000': 25, '110': 62, '010': 8, '101': 2, '100': 2, '011': 1}"
FK12,malicious,0.1,circuit9534.qasm,2,1.0,1,✓,"{'001': 20, '111': 16, '101': 19, '110': 17, '100': 13, '000': 12, '010': 1, '011': 2}"
FK12,malicious,0.1,circuit7354.qasm,4,1.0,1,✓,"{'110': 49, '111': 7, '010': 40, '011': 4}"
FK12,malicious,0.1,circuit6467.qasm,6,1.0,1,✓,"{'100': 11, '001': 11, '110': 11, '101': 13, '011': 21, '111': 17, '000': 9, '010': 7}"
FK12,malicious,0.1,circuit0874.qasm,5,0.0,0,✓,"{'000': 38, '100': 16, '111': 13, '011': 2, '001': 12, '101': 9, '110': 8, '010': 2}"
FK12,malicious,0.1,circuit2595.qasm,8,0.0,0,✓,"{'101': 8, '111': 13, '011': 54, '100': 15, '010': 5, '001': 2, '000': 3}"
FK12,malicious,0.1,circuit0736.qasm,4,0.0,0,✓,"{'101': 9, '001': 6, '011': 29, '000': 24, '110': 7, '100': 12, '111': 10, '010': 3}"
FK12,malicious,0.1,circuit7844.qasm,7,1.0,1,✓,"{'011': 14, '110': 33, '101': 25, '001': 2, '000': 19, '010': 5, '100': 2}"
FK12,malicious,0.1,circuit9496.qasm,2,1.0,1,✓,"{'111': 51, '101': 2, '011': 7, '110': 5, '001': 20, '000': 15}"
FK12,malicious,0.1,circuit7404.qasm,5,1.0,1,✓,"{'011': 19, '111': 58, '000': 16, '100': 7}"
FK12,malicious,0.1,circuit1761.qasm,3,1.0,1,✓,"{'011': 29, '101': 49, '111': 12, '001': 10}"
FK12,malicious,0.1,circuit0614.qasm,6,1.0,1,✓,"{'111': 9, '110': 52, '001': 13, '011': 4, '010': 16, '101': 5, '100': 1}"
FK12,malicious,0.1,circuit3217.qasm,5,1.0,1,✓,"{'110': 4, '111': 49, '011': 18, '101': 1, '000': 18, '001': 3, '100': 6, '010': 1}"
FK12,malicious,0.1,circuit6682.qasm,7,1.0,1,✓,"{'111': 58, '000': 16, '011': 21, '100': 5}"
FK12,malicious,0.1,circuit4894.qasm,6,0.0,0,✓,"{'010': 51, '101': 20, '110': 23, '001': 6}"
FK12,malicious,0.1,circuit9992.qasm,3,0.0,0,✓,"{'011': 12, '001': 23, '110': 8, '010': 20, '111': 6, '101': 8, '000': 12, '100': 11}"
FK12,malicious,0.1,circuit7338.qasm,7,1.0,1,✓,"{'111': 35, '010': 16, '011': 12, '100': 20, '110': 4, '000': 8, '001': 5}"
FK12,malicious,0.1,circuit1233.qasm,7,0.0,0,✓,"{'111': 16, '011': 38, '000': 6, '110': 11, '100': 7, '010': 15, '101': 4, '001': 3}"
FK12,malicious,0.1,circuit9978.qasm,11,1.0,1,✓,"{'111': 48, '001': 33, '100': 7, '010': 4, '101': 5, '011': 3}"
FK12,malicious,0.1,circuit1952.qasm,5,1.0,1,✓,"{'011': 24, '111': 53, '110': 14, '010': 9}"
FK12,malicious,0.1,circuit8928.qasm,3,0.0,0,✓,"{'111': 14, '101': 7, '001': 52, '110': 14, '100': 3, '011': 4, '010': 2, '000': 4}"
FK12,malicious,0.1,circuit8080.qasm,6,1.0,1,✓,"{'001': 14, '111': 17, '110': 37, '000': 4, '011': 9, '010': 14, '101': 3, '100': 2}"
FK12,malicious,0.1,circuit5723.qasm,4,1.0,1,✓,"{'001': 19, '000': 3, '101': 39, '111': 24, '010': 4, '110': 4, '011': 5, '100': 2}"
FK12,malicious,0.1,circuit4013.qasm,4,0.0,0,✓,"{'111': 13, '010': 14, '001': 18, '000': 13, '011': 15, '110': 14, '101': 7, '100': 6}"
FK12,malicious,0.1,circuit3926.qasm,6,0.0,0,✓,"{'111': 26, '011': 55, '000': 17, '100': 2}"
FK12,malicious,0.1,circuit2622.qasm,3,0.0,0,✓,"{'111': 19, '101': 24, '110': 2, '010': 9, '001': 38, '100': 3, '000': 2, '011': 3}"
FK12,malicious,0.1,circuit4617.qasm,6,1.0,1,✓,"{'011': 7, '001': 19, '000': 13, '111': 3, '110': 3, '100': 23, '101': 27, '010': 5}"
FK12,malicious,0.1,circuit4460.qasm,6,0.0,0,✓,"{'000': 48, '100': 27, '111': 15, '011': 10}"
FK12,malicious,0.1,circuit3513.qasm,6,1.0,1,✓,"{'100': 24, '111': 14, '001': 3, '011': 20, '101': 9, '110': 10, '010': 5, '000': 15}"
FK12,malicious,0.1,circuit5351.qasm,1,0.0,0,✓,"{'010': 49, '101': 19, '110': 9, '001': 9, '011': 8, '000': 2, '111': 2, '100': 2}"
FK12,malicious,0.1,circuit5990.qasm,2,1.0,1,✓,"{'001': 20, '110': 38, '010': 19, '011': 3, '100': 3, '101': 4, '111': 7, '000': 6}"
FK12,malicious,0.1,circuit3406.qasm,4,0.0,0,✓,"{'011': 7, '101': 17, '000': 5, '111': 4, '010': 24, '110': 20, '100': 4, '001': 19}"
FK12,malicious,0.1,circuit7046.qasm,4,0.0,0,✓,"{'111': 22, '011': 45, '001': 6, '100': 8, '101': 12, '110': 1, '010': 3, '000': 3}"
FK12,malicious,0.1,circuit5794.qasm,3,0.0,0,✓,"{'011': 5, '000': 50, '100': 7, '101': 4, '010': 6, '111': 16, '001': 5, '110': 7}"
FK12,malicious,0.1,circuit3928.qasm,2,1.0,1,✓,"{'111': 56, '011': 19, '000': 17, '100': 8}"
FK12,malicious,0.1,circuit0354.qasm,5,1.0,0,✗,"{'100': 28, '000': 34, '110': 4, '101': 3, '001': 6, '011': 6, '111': 18, '010': 1}"
FK12,malicious,0.1,circuit5594.qasm,7,1.0,1,✓,"{'011': 11, '001': 3, '110': 42, '000': 24, '101': 16, '010': 3, '100': 1}"
FK12,malicious,0.1,circuit3927.qasm,3,1.0,1,✓,"{'110': 4, '101': 61, '011': 25, '001': 6, '100': 1, '010': 1, '000': 1, '111': 1}"
FK12,malicious,0.1,circuit5377.qasm,10,0.0,0,✓,"{'011': 47, '010': 9, '110': 5, '111': 19, '100': 10, '000': 3, '101': 7}"
FK12,malicious,0.1,circuit4065.qasm,3,0.0,0,✓,"{'011': 27, '100': 15, '110': 15, '010': 19, '111': 12, '101': 5, '000': 3, '001': 4}"
FK12,malicious,0.1,circuit0338.qasm,4,0.0,0,✓,"{'011': 18, '101': 9, '000': 35, '110': 6, '010': 6, '001': 6, '111': 6, '100': 14}"
FK12,malicious,0.1,circuit9699.qasm,3,1.0,1,✓,"{'001': 18, '111': 52, '110': 4, '000': 18, '011': 3, '100': 3, '101': 2}"
FK12,malicious,0.1,circuit2149.qasm,6,1.0,1,✓,"{'100': 57, '011': 15, '111': 6, '000': 22}"
FK12,malicious,0.1,circuit6984.qasm,4,1.0,1,✓,"{'110': 49, '100': 3, '010': 24, '001': 8, '000': 9, '111': 3, '101': 4}"
FK12,malicious,0.1,circuit9745.qasm,7,1.0,1,✓,"{'110': 8, '111': 8, '101': 44, '011': 21, '000': 7, '001': 9, '010': 2, '100': 1}"
FK12,malicious,0.1,circuit7117.qasm,7,1.0,1,✓,"{'001': 18, '111': 56, '000': 6, '101': 4, '011': 14, '110': 2}"
FK12,malicious,0.1,circuit4800.qasm,9,1.0,1,✓,"{'110': 19, '001': 6, '000': 14, '010': 9, '101': 31, '111': 4, '011': 12, '100': 5}"
FK12,malicious,0.1,circuit7303.qasm,10,0.0,0,✓,"{'001': 53, '111': 18, '011': 8, '101': 21}"
FK12,malicious,0.1,circuit2890.qasm,5,0.0,0,✓,"{'010': 3, '001': 54, '111': 15, '101': 22, '011': 3, '100': 1, '110': 2}"
FK12,malicious,0.1,circuit8792.qasm,6,0.0,0,✓,"{'001': 46, '111': 3, '110': 21, '101': 19, '010': 7, '000': 3, '011': 1}"
FK12,malicious,0.1,circuit7116.qasm,5,0.0,0,✓,"{'001': 6, '110': 25, '111': 15, '010': 21, '011': 21, '100': 2, '000': 10}"
FK12,malicious,0.1,circuit3701.qasm,8,1.0,1,✓,"{'100': 33, '111': 29, '011': 11, '110': 4, '010': 12, '001': 4, '000': 6, '101': 1}"
FK12,malicious,0.1,circuit2235.qasm,4,0.0,0,✓,"{'111': 22, '110': 8, '010': 7, '100': 5, '000': 20, '001': 29, '101': 4, '011': 5}"
FK12,malicious,0.1,circuit2994.qasm,2,1.0,1,✓,"{'001': 24, '010': 10, '000': 2, '101': 34, '110': 24, '100': 3, '111': 2, '011': 1}"
FK12,malicious,0.1,circuit6300.qasm,8,1.0,1,✓,"{'100': 2, '110': 30, '011': 20, '010': 7, '101': 26, '000': 8, '001': 5, '111': 2}"
FK12,malicious,0.1,circuit3915.qasm,6,1.0,1,✓,"{'000': 24, '110': 25, '101': 5, '100': 20, '011': 4, '111': 6, '001': 5, '010': 11}"
FK12,malicious,0.1,circuit2758.qasm,6,0.0,0,✓,"{'100': 13, '010': 3, '000': 56, '111': 16, '011': 1, '001': 2, '110': 9}"
FK12,malicious,0.1,circuit4577.qasm,2,1.0,1,✓,"{'001': 16, '100': 21, '111': 32, '110': 5, '010': 11, '000': 6, '101': 8, '011': 1}"
FK12,malicious,0.1,circuit2912.qasm,3,0.0,0,✓,"{'100': 4, '000': 48, '111': 7, '010': 4, '001': 9, '110': 27, '101': 1}"
FK12,malicious,0.1,circuit5951.qasm,8,0.0,0,✓,"{'110': 17, '000': 28, '111': 5, '011': 23, '101': 14, '010': 4, '100': 7, '001': 2}"
FK12,malicious,0.1,circuit3825.qasm,3,1.0,1,✓,"{'001': 17, '100': 27, '000': 9, '101': 31, '011': 3, '010': 6, '111': 2, '110': 5}"
FK12,malicious,0.1,circuit2468.qasm,4,1.0,1,✓,"{'110': 5, '111': 62, '011': 30, '010': 3}"
FK12,malicious,0.1,circuit8166.qasm,5,0.0,0,✓,"{'000': 41, '110': 3, '100': 34, '011': 13, '010': 6, '001': 2, '111': 1}"
FK12,malicious,0.1,circuit0453.qasm,5,0.0,0,✓,"{'111': 18, '001': 19, '101': 19, '110': 4, '011': 24, '000': 9, '100': 5, '010': 2}"
FK12,malicious,0.1,circuit5996.qasm,3,1.0,1,✓,"{'111': 4, '110': 28, '010': 21, '001': 4, '100': 22, '000': 14, '101': 5, '011': 2}"
FK12,malicious,0.1,circuit6162.qasm,10,1.0,1,✓,"{'110': 46, '001': 27, '111': 13, '000': 6, '010': 4, '101': 4}"
FK12,malicious,0.1,circuit5293.qasm,4,1.0,1,✓,"{'100': 40, '000': 23, '011': 24, '111': 13}"
FK12,malicious,0.1,circuit9009.qasm,4,0.0,0,✓,"{'001': 49, '101': 15, '110': 18, '111': 11, '011': 1, '010': 5, '000': 1}"
FK12,malicious,0.1,circuit4361.qasm,8,0.0,0,✓,"{'000': 62, '100': 13, '111': 20, '011': 5}"
FK12,malicious,0.1,circuit7892.qasm,7,1.0,1,✓,"{'001': 17, '101': 48, '010': 19, '011': 8, '000': 2, '111': 4, '110': 2}"
FK12,malicious,0.1,circuit5525.qasm,6,1.0,1,✓,"{'100': 32, '000': 24, '110': 25, '010': 19}"
FK12,malicious,0.1,circuit0138.qasm,4,1.0,1,✓,"{'110': 52, '000': 36, '100': 7, '010': 5}"
FK12,malicious,0.1,circuit6783.qasm,6,0.0,0,✓,"{'000': 31, '110': 8, '011': 6, '111': 12, '001': 20, '100': 15, '101': 7, '010': 1}"
FK12,malicious,0.1,circuit7085.qasm,3,0.0,0,✓,"{'011': 59, '111': 22, '100': 14, '000': 5}"
FK12,malicious,0.1,circuit2788.qasm,3,1.0,1,✓,"{'010': 23, '001': 13, '110': 41, '011': 4, '111': 7, '100': 1, '000': 5, '101': 6}"
FK12,malicious,0.1,circuit4214.qasm,3,1.0,1,✓,"{'010': 30, '101': 51, '100': 8, '011': 6, '001': 2, '110': 3}"
FK12,malicious,0.1,circuit4346.qasm,4,1.0,1,✓,"{'011': 25, '111': 49, '000': 16, '100': 10}"
FK12,malicious,0.1,circuit8996.qasm,5,0.0,0,✓,"{'011': 31, '101': 10, '001': 27, '111': 9, '100': 11, '110': 6, '010': 4, '000': 2}"
FK12,malicious,0.1,circuit4963.qasm,4,0.0,0,✓,"{'100': 2, '000': 5, '101': 31, '010': 48, '111': 5, '110': 5, '001': 4}"
FK12,malicious,0.1,circuit2069.qasm,7,1.0,1,✓,"{'100': 57, '011': 11, '000': 16, '101': 13, '111': 2, '001': 1}"
FK12,malicious,0.1,circuit8043.qasm,2,1.0,1,✓,"{'010': 22, '000': 7, '100': 4, '110': 53, '101': 5, '001': 8, '111': 1}"
FK12,malicious,0.1,circuit6756.qasm,5,0.0,0,✓,"{'000': 6, '001': 11, '010': 43, '100': 11, '101': 2, '110': 16, '111': 9, '011': 2}"
FK12,malicious,0.1,circuit7253.qasm,4,1.0,1,✓,"{'000': 29, '110': 52, '011': 2, '101': 7, '100': 3, '001': 1, '010': 5, '111': 1}"
FK12,malicious,0.1,circuit5450.qasm,2,0.0,0,✓,"{'011': 49, '111': 21, '100': 23, '000': 7}"
FK12,malicious,0.1,circuit7443.qasm,9,0.0,0,✓,"{'100': 12, '010': 48, '110': 10, '101': 19, '000': 2, '011': 6, '001': 2, '111': 1}"
FK12,malicious,0.1,circuit1112.qasm,3,1.0,1,✓,"{'100': 48, '011': 16, '111': 7, '101': 6, '010': 6, '000': 14, '110': 2, '001': 1}"
FK12,malicious,0.1,circuit6034.qasm,4,1.0,1,✓,"{'111': 58, '011': 42}"
FK12,malicious,0.15,circuit5463.qasm,10,0.0,0,✓,"{'011': 48, '000': 9, '100': 37, '111': 6}"
FK12,malicious,0.15,circuit8843.qasm,6,1.0,1,✓,"{'100': 63, '000': 19, '011': 12, '111': 6}"
FK12,malicious,0.15,circuit3966.qasm,7,1.0,1,✓,"{'101': 50, '001': 41, '100': 5, '000': 4}"
FK12,malicious,0.15,circuit2875.qasm,4,1.0,1,✓,"{'101': 26, '001': 15, '100': 8, '111': 23, '011': 16, '110': 8, '000': 4}"
FK12,malicious,0.15,circuit5231.qasm,7,0.0,0,✓,"{'001': 56, '101': 30, '100': 9, '000': 5}"
FK12,malicious,0.15,circuit6764.qasm,6,0.0,0,✓,"{'000': 60, '011': 8, '111': 12, '100': 20}"
FK12,malicious,0.15,circuit9797.qasm,8,0.0,0,✓,"{'110': 33, '000': 59, '100': 5, '010': 3}"
FK12,malicious,0.15,circuit3874.qasm,6,1.0,1,✓,"{'110': 59, '010': 15, '000': 10, '001': 10, '101': 4, '100': 1, '111': 1}"
FK12,malicious,0.15,circuit9941.qasm,5,0.0,0,✓,"{'010': 42, '011': 8, '111': 15, '100': 13, '001': 9, '101': 4, '110': 8, '000': 1}"
FK12,malicious,0.15,circuit2569.qasm,14,1.0,1,✓,"{'111': 51, '110': 5, '011': 14, '000': 8, '001': 13, '010': 3, '101': 4, '100': 2}"
FK12,malicious,0.15,circuit8872.qasm,10,0.0,0,✓,"{'100': 19, '110': 26, '000': 44, '010': 11}"
FK12,malicious,0.15,circuit0970.qasm,5,0.0,0,✓,"{'100': 10, '111': 4, '010': 29, '000': 23, '110': 28, '101': 4, '001': 2}"
FK12,malicious,0.15,circuit0389.qasm,6,1.0,1,✓,"{'110': 56, '000': 24, '100': 7, '001': 1, '111': 1, '010': 6, '011': 1, '101': 4}"
FK12,malicious,0.15,circuit9534.qasm,9,1.0,1,✓,"{'101': 22, '001': 11, '000': 21, '111': 11, '011': 2, '100': 17, '110': 14, '010': 2}"
FK12,malicious,0.15,circuit7354.qasm,10,1.0,1,✓,"{'110': 53, '010': 31, '011': 9, '111': 7}"
FK12,malicious,0.15,circuit6467.qasm,5,1.0,1,✓,"{'110': 20, '010': 9, '111': 12, '101': 20, '011': 7, '001': 8, '000': 10, '100': 14}"
FK12,malicious,0.15,circuit0874.qasm,10,0.0,0,✓,"{'000': 38, '101': 6, '111': 9, '110': 4, '100': 20, '010': 4, '011': 7, '001': 12}"
FK12,malicious,0.15,circuit2595.qasm,10,0.0,0,✓,"{'100': 18, '011': 43, '111': 16, '010': 6, '000': 3, '001': 3, '101': 8, '110': 3}"
FK12,malicious,0.15,circuit0736.qasm,6,0.0,0,✓,"{'010': 4, '100': 13, '011': 26, '000': 28, '111': 9, '001': 4, '110': 8, '101': 8}"
FK12,malicious,0.15,circuit7844.qasm,7,1.0,1,✓,"{'101': 16, '110': 29, '000': 21, '011': 13, '001': 8, '111': 3, '100': 6, '010': 4}"
FK12,malicious,0.15,circuit9496.qasm,10,1.0,1,✓,"{'110': 7, '011': 8, '111': 49, '001': 15, '000': 16, '100': 3, '101': 2}"
FK12,malicious,0.15,circuit7404.qasm,9,1.0,1,✓,"{'000': 13, '011': 27, '111': 51, '100': 9}"
FK12,malicious,0.15,circuit1761.qasm,3,1.0,1,✓,"{'001': 14, '111': 10, '101': 45, '011': 31}"
FK12,malicious,0.15,circuit0614.qasm,4,1.0,1,✓,"{'001': 13, '110': 47, '011': 5, '010': 22, '111': 4, '101': 7, '000': 1, '100': 1}"
FK12,malicious,0.15,circuit3217.qasm,5,1.0,1,✓,"{'100': 8, '000': 20, '111': 44, '011': 22, '010': 1, '110': 4, '001': 1}"
FK12,malicious,0.15,circuit6682.qasm,6,1.0,1,✓,"{'111': 56, '011': 16, '000': 20, '100': 8}"
FK12,malicious,0.15,circuit4894.qasm,6,0.0,0,✓,"{'101': 17, '110': 24, '010': 50, '001': 9}"
FK12,malicious,0.15,circuit9992.qasm,3,0.0,0,✓,"{'010': 15, '101': 11, '001': 16, '110': 10, '011': 10, '100': 12, '111': 11, '000': 15}"
FK12,malicious,0.15,circuit7338.qasm,5,1.0,1,✓,"{'111': 31, '010': 9, '000': 8, '110': 13, '101': 3, '011': 11, '001': 3, '100': 22}"
FK12,malicious,0.15,circuit1233.qasm,7,0.0,0,✓,"{'011': 36, '001': 5, '010': 19, '110': 5, '111': 15, '101': 6, '100': 6, '000': 8}"
FK12,malicious,0.15,circuit9978.qasm,14,1.0,1,✓,"{'001': 25, '010': 9, '111': 39, '011': 8, '000': 1, '101': 9, '100': 8, '110': 1}"
FK12,malicious,0.15,circuit1952.qasm,8,1.0,1,✓,"{'010': 6, '111': 35, '011': 42, '110': 17}"
FK12,malicious,0.15,circuit8928.qasm,11,0.0,0,✓,"{'111': 17, '000': 13, '110': 19, '101': 9, '001': 38, '100': 1, '011': 3}"
FK12,malicious,0.15,circuit8080.qasm,5,1.0,1,✓,"{'101': 5, '011': 8, '001': 6, '110': 29, '111': 29, '010': 16, '100': 5, '000': 2}"
FK12,malicious,0.15,circuit5723.qasm,7,1.0,1,✓,"{'011': 12, '101': 32, '111': 17, '010': 9, '001': 24, '100': 2, '110': 3, '000': 1}"
FK12,malicious,0.15,circuit4013.qasm,7,0.0,0,✓,"{'110': 13, '000': 19, '011': 15, '001': 16, '100': 6, '010': 12, '101': 6, '111': 13}"
FK12,malicious,0.15,circuit3926.qasm,10,0.0,0,✓,"{'000': 14, '111': 34, '011': 51, '100': 1}"
FK12,malicious,0.15,circuit6073.qasm,7,1.0,1,✓,"{'101': 56, '010': 6, '001': 26, '110': 3, '000': 1, '011': 4, '111': 4}"
FK12,malicious,0.15,circuit2622.qasm,7,0.0,0,✓,"{'010': 11, '001': 39, '011': 6, '111': 13, '101': 26, '110': 3, '100': 2}"
FK12,malicious,0.15,circuit4617.qasm,10,1.0,1,✓,"{'101': 22, '110': 6, '001': 16, '100': 25, '000': 11, '111': 4, '010': 10, '011': 6}"
FK12,malicious,0.15,circuit3513.qasm,6,1.0,1,✓,"{'100': 25, '011': 21, '111': 16, '000': 12, '001': 5, '101': 8, '110': 10, '010': 3}"
FK12,malicious,0.15,circuit5351.qasm,6,0.0,0,✓,"{'010': 49, '110': 19, '101': 12, '011': 4, '001': 8, '111': 4, '100': 3, '000': 1}"
FK12,malicious,0.15,circuit5990.qasm,8,1.0,1,✓,"{'010': 20, '001': 17, '101': 9, '110': 41, '100': 2, '000': 2, '111': 6, '011': 3}"
FK12,malicious,0.15,circuit3406.qasm,8,0.0,0,✓,"{'001': 26, '010': 20, '101': 11, '000': 3, '110': 19, '100': 8, '111': 5, '011': 8}"
FK12,malicious,0.15,circuit7046.qasm,5,0.0,0,✓,"{'000': 1, '011': 47, '111': 21, '100': 14, '001': 3, '101': 10, '010': 3, '110': 1}"
FK12,malicious,0.15,circuit5794.qasm,4,0.0,0,✓,"{'011': 10, '000': 37, '010': 9, '111': 19, '110': 10, '100': 10, '101': 4, '001': 1}"
FK12,malicious,0.15,circuit3928.qasm,12,1.0,1,✓,"{'100': 10, '111': 53, '000': 15, '011': 22}"
FK12,malicious,0.15,circuit0354.qasm,5,0.0,0,✓,"{'011': 10, '000': 57, '101': 2, '001': 8, '100': 10, '111': 8, '110': 3, '010': 2}"
FK12,malicious,0.15,circuit5594.qasm,15,1.0,1,✓,"{'110': 48, '000': 19, '101': 10, '111': 2, '100': 6, '010': 7, '011': 7, '001': 1}"
FK12,malicious,0.15,circuit3927.qasm,6,1.0,1,✓,"{'111': 5, '101': 45, '000': 4, '011': 27, '001': 15, '010': 1, '100': 1, '110': 2}"
FK12,malicious,0.15,circuit5377.qasm,11,0.0,0,✓,"{'001': 7, '111': 20, '011': 44, '100': 9, '000': 2, '101': 8, '010': 6, '110': 4}"
FK12,malicious,0.15,circuit4065.qasm,8,0.0,0,✓,"{'010': 19, '100': 9, '011': 25, '111': 16, '000': 7, '110': 8, '001': 5, '101': 11}"
FK12,malicious,0.15,circuit0338.qasm,4,0.0,0,✓,"{'000': 28, '110': 11, '011': 24, '100': 13, '101': 8, '001': 7, '010': 4, '111': 5}"
FK12,malicious,0.15,circuit9699.qasm,7,1.0,1,✓,"{'001': 13, '000': 21, '111': 45, '011': 8, '100': 2, '101': 5, '110': 6}"
FK12,malicious,0.15,circuit2149.qasm,8,1.0,1,✓,"{'100': 51, '000': 26, '111': 4, '011': 19}"
FK12,malicious,0.15,circuit6984.qasm,5,1.0,1,✓,"{'110': 53, '000': 11, '010': 22, '001': 5, '111': 4, '011': 1, '101': 1, '100': 3}"
FK12,malicious,0.15,circuit9745.qasm,7,1.0,1,✓,"{'011': 24, '101': 41, '110': 5, '000': 5, '001': 9, '100': 4, '111': 9, '010': 3}"
FK12,malicious,0.15,circuit7117.qasm,6,1.0,1,✓,"{'010': 3, '011': 15, '111': 48, '000': 11, '101': 5, '001': 17, '110': 1}"
FK12,malicious,0.15,circuit7303.qasm,9,0.0,0,✓,"{'001': 38, '101': 29, '011': 15, '111': 18}"
FK12,malicious,0.15,circuit2890.qasm,10,1.0,0,✗,"{'101': 26, '010': 4, '001': 41, '111': 25, '110': 1, '011': 2, '000': 1}"
FK12,malicious,0.15,circuit8792.qasm,7,0.0,0,✓,"{'001': 58, '110': 13, '111': 7, '101': 15, '010': 4, '100': 3}"
FK12,malicious,0.15,circuit7116.qasm,4,0.0,0,✓,"{'111': 23, '000': 12, '010': 19, '100': 4, '110': 18, '011': 15, '001': 7, '101': 2}"
FK12,malicious,0.15,circuit3701.qasm,9,1.0,1,✓,"{'100': 17, '110': 8, '111': 28, '001': 7, '000': 17, '011': 11, '010': 8, '101': 4}"
FK12,malicious,0.15,circuit2235.qasm,5,0.0,0,✓,"{'001': 28, '101': 8, '100': 6, '010': 9, '111': 20, '110': 12, '011': 6, '000': 11}"
FK12,malicious,0.15,circuit2994.qasm,8,1.0,1,✓,"{'001': 29, '111': 5, '101': 34, '110': 18, '000': 1, '100': 4, '010': 7, '011': 2}"
FK12,malicious,0.15,circuit6300.qasm,2,1.0,1,✓,"{'101': 23, '010': 9, '011': 10, '000': 16, '001': 5, '110': 33, '111': 3, '100': 1}"
FK12,malicious,0.15,circuit3915.qasm,6,1.0,1,✓,"{'010': 15, '000': 24, '100': 25, '110': 24, '011': 2, '101': 5, '001': 2, '111': 3}"
FK12,malicious,0.15,circuit2758.qasm,3,0.0,0,✓,"{'000': 53, '110': 9, '100': 17, '111': 12, '010': 6, '011': 2, '001': 1}"
FK12,malicious,0.15,circuit4577.qasm,7,1.0,1,✓,"{'100': 13, '110': 3, '101': 4, '001': 21, '011': 8, '111': 35, '010': 9, '000': 7}"
FK12,malicious,0.15,circuit2912.qasm,3,0.0,0,✓,"{'000': 55, '110': 28, '001': 5, '010': 5, '100': 4, '111': 3}"
FK12,malicious,0.15,circuit5951.qasm,9,0.0,0,✓,"{'110': 12, '011': 22, '101': 11, '111': 11, '010': 7, '000': 26, '100': 9, '001': 2}"
FK12,malicious,0.15,circuit2468.qasm,8,1.0,1,✓,"{'011': 40, '111': 50, '110': 7, '010': 3}"
FK12,malicious,0.15,circuit8166.qasm,12,0.0,0,✓,"{'100': 33, '000': 38, '011': 9, '010': 7, '111': 6, '110': 5, '001': 2}"
FK12,malicious,0.15,circuit0453.qasm,7,0.0,0,✓,"{'101': 12, '001': 26, '100': 4, '011': 29, '010': 4, '110': 2, '000': 5, '111': 18}"
FK12,malicious,0.15,circuit5996.qasm,4,1.0,1,✓,"{'100': 34, '010': 23, '111': 6, '110': 18, '000': 11, '001': 3, '101': 4, '011': 1}"
FK12,malicious,0.15,circuit6162.qasm,11,1.0,1,✓,"{'110': 40, '001': 25, '010': 6, '101': 6, '000': 8, '111': 14, '011': 1}"
FK12,malicious,0.15,circuit5293.qasm,5,1.0,1,✓,"{'100': 44, '011': 23, '000': 19, '111': 14}"
FK12,malicious,0.15,circuit9009.qasm,11,1.0,0,✗,"{'000': 5, '101': 21, '110': 14, '001': 37, '100': 4, '111': 12, '011': 3, '010': 4}"
FK12,malicious,0.15,circuit4361.qasm,4,0.0,0,✓,"{'000': 48, '111': 17, '100': 26, '011': 9}"
FK12,malicious,0.15,circuit7892.qasm,8,1.0,1,✓,"{'001': 13, '011': 6, '101': 56, '100': 2, '010': 13, '110': 5, '111': 4, '000': 1}"
FK12,malicious,0.15,circuit5525.qasm,10,1.0,1,✓,"{'110': 38, '010': 24, '100': 24, '000': 14}"
FK12,malicious,0.15,circuit0138.qasm,9,1.0,1,✓,"{'000': 32, '010': 11, '100': 5, '110': 52}"
FK12,malicious,0.15,circuit6783.qasm,8,0.0,0,✓,"{'010': 3, '000': 29, '101': 14, '001': 27, '100': 11, '111': 7, '110': 8, '011': 1}"
FK12,malicious,0.15,circuit7085.qasm,6,0.0,0,✓,"{'000': 5, '111': 22, '011': 60, '100': 13}"
FK12,malicious,0.15,circuit2788.qasm,9,1.0,1,✓,"{'001': 13, '110': 46, '010': 16, '101': 8, '111': 7, '011': 4, '000': 5, '100': 1}"
FK12,malicious,0.15,circuit4214.qasm,10,1.0,1,✓,"{'010': 31, '101': 49, '001': 8, '011': 5, '110': 3, '000': 1, '100': 3}"
FK12,malicious,0.15,circuit4346.qasm,11,1.0,1,✓,"{'111': 54, '000': 21, '011': 21, '100': 4}"
FK12,malicious,0.15,circuit8996.qasm,8,0.0,0,✓,"{'110': 8, '101': 14, '001': 30, '011': 29, '010': 6, '111': 7, '100': 4, '000': 2}"
FK12,malicious,0.15,circuit4963.qasm,9,0.0,0,✓,"{'100': 2, '010': 38, '000': 12, '110': 11, '101': 29, '001': 3, '111': 5}"
FK12,malicious,0.15,circuit2069.qasm,6,1.0,1,✓,"{'100': 48, '011': 19, '000': 24, '010': 3, '101': 4, '111': 2}"
FK12,malicious,0.15,circuit8043.qasm,8,1.0,1,✓,"{'110': 52, '010': 23, '100': 4, '001': 5, '000': 10, '101': 5, '011': 1}"
FK12,malicious,0.15,circuit6756.qasm,5,0.0,0,✓,"{'110': 24, '010': 40, '000': 7, '101': 5, '001': 11, '111': 8, '011': 4, '100': 1}"
FK12,malicious,0.15,circuit7253.qasm,3,1.0,1,✓,"{'110': 57, '000': 21, '001': 3, '010': 7, '100': 3, '011': 3, '101': 5, '111': 1}"
FK12,malicious,0.15,circuit5450.qasm,10,0.0,0,✓,"{'011': 49, '000': 9, '111': 28, '100': 14}"
FK12,malicious,0.15,circuit7443.qasm,6,0.0,0,✓,"{'100': 7, '110': 20, '010': 38, '101': 18, '111': 3, '000': 4, '011': 5, '001': 5}"
FK12,malicious,0.15,circuit1112.qasm,4,1.0,1,✓,"{'100': 41, '011': 20, '000': 20, '111': 9, '010': 9, '110': 1}"
FK12,malicious,0.15,circuit6034.qasm,8,1.0,1,✓,"{'011': 41, '111': 59}"
FK12,malicious,0.2,circuit5463.qasm,5,0.0,0,✓,"{'011': 59, '100': 20, '111': 12, '000': 9}"
FK12,malicious,0.2,circuit8843.qasm,8,0.0,1,✗,"{'100': 41, '011': 20, '000': 31, '111': 8}"
FK12,malicious,0.2,circuit3966.qasm,9,1.0,1,✓,"{'101': 56, '001': 41, '100': 3}"
FK12,malicious,0.2,circuit2875.qasm,11,1.0,1,✓,"{'001': 22, '101': 26, '010': 6, '111': 18, '011': 10, '100': 9, '000': 4, '110': 5}"
FK12,malicious,0.2,circuit5231.qasm,10,0.0,0,✓,"{'101': 33, '001': 50, '100': 7, '000': 10}"
FK12,malicious,0.2,circuit6764.qasm,11,0.0,0,✓,"{'100': 25, '000': 51, '011': 9, '111': 15}"
FK12,malicious,0.2,circuit9797.qasm,11,0.0,0,✓,"{'100': 13, '110': 27, '010': 12, '000': 48}"
FK12,malicious,0.2,circuit3874.qasm,11,1.0,1,✓,"{'001': 16, '111': 4, '110': 37, '010': 20, '100': 7, '011': 3, '101': 7, '000': 6}"
FK12,malicious,0.2,circuit9941.qasm,11,0.0,0,✓,"{'010': 39, '000': 5, '111': 14, '011': 5, '101': 4, '110': 11, '100': 11, '001': 11}"
FK12,malicious,0.2,circuit2569.qasm,8,1.0,1,✓,"{'000': 11, '111': 48, '011': 14, '001': 9, '101': 5, '100': 7, '110': 5, '010': 1}"
FK12,malicious,0.2,circuit8872.qasm,8,0.0,0,✓,"{'000': 48, '010': 15, '100': 15, '110': 22}"
FK12,malicious,0.2,circuit0970.qasm,11,0.0,0,✓,"{'001': 5, '100': 10, '010': 29, '000': 22, '110': 23, '101': 7, '111': 4}"
FK12,malicious,0.2,circuit0389.qasm,10,1.0,1,✓,"{'101': 2, '100': 5, '000': 30, '110': 50, '011': 2, '010': 11}"
FK12,malicious,0.2,circuit9534.qasm,10,1.0,1,✓,"{'010': 2, '111': 15, '000': 20, '101': 12, '110': 9, '001': 23, '011': 2, '100': 17}"
FK12,malicious,0.2,circuit7354.qasm,9,1.0,1,✓,"{'010': 33, '110': 51, '011': 6, '111': 10}"
FK12,malicious,0.2,circuit6467.qasm,10,1.0,1,✓,"{'010': 13, '111': 14, '110': 15, '100': 22, '101': 9, '001': 8, '011': 7, '000': 12}"
FK12,malicious,0.2,circuit0874.qasm,6,0.0,0,✓,"{'000': 26, '011': 12, '001': 19, '100': 10, '101': 14, '110': 10, '010': 2, '111': 7}"
FK12,malicious,0.2,circuit2595.qasm,11,0.0,0,✓,"{'101': 16, '011': 42, '100': 13, '001': 3, '000': 8, '111': 18}"
FK12,malicious,0.2,circuit0736.qasm,5,0.0,0,✓,"{'111': 23, '011': 24, '000': 18, '001': 4, '100': 9, '101': 7, '110': 10, '010': 5}"
FK12,malicious,0.2,circuit7844.qasm,5,1.0,1,✓,"{'011': 13, '101': 14, '110': 34, '100': 10, '000': 15, '010': 8, '111': 2, '001': 4}"
FK12,malicious,0.2,circuit9496.qasm,6,1.0,1,✓,"{'111': 38, '100': 3, '011': 13, '010': 2, '001': 17, '000': 16, '110': 6, '101': 5}"
FK12,malicious,0.2,circuit7404.qasm,8,1.0,1,✓,"{'100': 7, '111': 49, '011': 23, '000': 21}"
FK12,malicious,0.2,circuit1761.qasm,11,1.0,1,✓,"{'011': 30, '101': 41, '001': 17, '111': 12}"
FK12,malicious,0.2,circuit0614.qasm,7,1.0,1,✓,"{'010': 25, '111': 10, '110': 42, '001': 12, '000': 3, '100': 1, '011': 3, '101': 4}"
FK12,malicious,0.2,circuit3217.qasm,10,0.0,1,✗,"{'111': 37, '000': 14, '011': 34, '010': 5, '110': 2, '100': 7, '101': 1}"
FK12,malicious,0.2,circuit6682.qasm,3,1.0,1,✓,"{'011': 34, '111': 45, '100': 13, '000': 8}"
FK12,malicious,0.2,circuit4894.qasm,4,0.0,0,✓,"{'101': 15, '110': 27, '010': 49, '001': 9}"
FK12,malicious,0.2,circuit9992.qasm,9,0.0,0,✓,"{'000': 19, '110': 11, '111': 11, '011': 13, '101': 9, '001': 14, '010': 18, '100': 5}"
FK12,malicious,0.2,circuit7338.qasm,14,1.0,1,✓,"{'000': 12, '110': 7, '100': 17, '011': 12, '010': 12, '111': 34, '001': 5, '101': 1}"
FK12,malicious,0.2,circuit1952.qasm,12,1.0,1,✓,"{'111': 38, '110': 17, '011': 34, '010': 11}"
FK12,malicious,0.2,circuit8928.qasm,3,0.0,0,✓,"{'011': 7, '111': 16, '001': 44, '010': 5, '110': 11, '000': 2, '101': 15}"
FK12,malicious,0.2,circuit8080.qasm,9,1.0,1,✓,"{'000': 12, '111': 26, '110': 23, '001': 6, '101': 6, '011': 16, '010': 9, '100': 2}"
FK12,malicious,0.2,circuit5723.qasm,11,1.0,1,✓,"{'101': 34, '111': 18, '011': 10, '000': 4, '001': 25, '110': 5, '100': 1, '010': 3}"
FK12,malicious,0.2,circuit4013.qasm,5,0.0,0,✓,"{'011': 10, '001': 14, '010': 13, '110': 13, '100': 12, '111': 13, '101': 10, '000': 15}"
FK12,malicious,0.2,circuit3926.qasm,5,0.0,0,✓,"{'111': 44, '011': 42, '000': 13, '100': 1}"
FK12,malicious,0.2,circuit6073.qasm,9,1.0,1,✓,"{'101': 47, '001': 22, '010': 11, '011': 7, '110': 4, '100': 2, '111': 6, '000': 1}"
FK12,malicious,0.2,circuit2622.qasm,10,0.0,0,✓,"{'101': 16, '001': 48, '011': 10, '111': 13, '110': 4, '010': 4, '000': 1, '100': 4}"
FK12,malicious,0.2,circuit4617.qasm,11,1.0,1,✓,"{'100': 19, '110': 5, '101': 21, '000': 14, '011': 8, '111': 9, '001': 12, '010': 12}"
FK12,malicious,0.2,circuit4460.qasm,10,0.0,0,✓,"{'111': 19, '000': 49, '011': 11, '100': 21}"
FK12,malicious,0.2,circuit3513.qasm,10,1.0,1,✓,"{'101': 7, '010': 11, '000': 14, '111': 23, '100': 25, '001': 5, '011': 14, '110': 1}"
FK12,malicious,0.2,circuit5351.qasm,11,0.0,0,✓,"{'101': 15, '010': 44, '110': 22, '111': 4, '001': 6, '011': 6, '100': 2, '000': 1}"
FK12,malicious,0.2,circuit5990.qasm,8,1.0,1,✓,"{'011': 5, '010': 21, '111': 8, '110': 47, '101': 3, '001': 14, '100': 2}"
FK12,malicious,0.2,circuit3406.qasm,10,0.0,0,✓,"{'101': 18, '010': 24, '110': 14, '001': 18, '111': 7, '011': 12, '000': 6, '100': 1}"
FK12,malicious,0.2,circuit7046.qasm,10,0.0,0,✓,"{'011': 45, '111': 23, '101': 8, '100': 11, '001': 3, '000': 7, '010': 3}"
FK12,malicious,0.2,circuit5794.qasm,10,0.0,0,✓,"{'010': 13, '100': 11, '000': 42, '001': 2, '011': 7, '111': 15, '110': 10}"
FK12,malicious,0.2,circuit3928.qasm,9,1.0,1,✓,"{'100': 9, '111': 47, '011': 27, '000': 17}"
FK12,malicious,0.2,circuit0354.qasm,9,0.0,0,✓,"{'000': 47, '100': 25, '001': 3, '111': 15, '101': 3, '011': 3, '110': 3, '010': 1}"
FK12,malicious,0.2,circuit5594.qasm,11,1.0,1,✓,"{'100': 4, '010': 7, '000': 23, '110': 51, '011': 5, '101': 4, '111': 3, '001': 3}"
FK12,malicious,0.2,circuit3927.qasm,5,0.0,1,✗,"{'011': 33, '001': 10, '111': 8, '101': 32, '000': 5, '010': 3, '110': 5, '100': 4}"
FK12,malicious,0.2,circuit5377.qasm,6,0.0,0,✓,"{'001': 4, '000': 7, '011': 37, '111': 29, '100': 5, '101': 9, '010': 7, '110': 2}"
FK12,malicious,0.2,circuit4065.qasm,9,0.0,0,✓,"{'011': 25, '100': 7, '111': 12, '010': 21, '000': 5, '101': 6, '001': 8, '110': 16}"
FK12,malicious,0.2,circuit0338.qasm,10,0.0,0,✓,"{'110': 10, '011': 26, '000': 23, '111': 13, '010': 4, '100': 10, '001': 6, '101': 8}"
FK12,malicious,0.2,circuit9699.qasm,13,1.0,1,✓,"{'000': 19, '111': 43, '001': 16, '100': 10, '011': 9, '010': 1, '110': 2}"
FK12,malicious,0.2,circuit2149.qasm,14,1.0,1,✓,"{'000': 33, '100': 49, '011': 11, '111': 7}"
FK12,malicious,0.2,circuit6984.qasm,11,1.0,1,✓,"{'110': 46, '010': 25, '001': 11, '000': 9, '011': 2, '101': 1, '111': 2, '100': 4}"
FK12,malicious,0.2,circuit9745.qasm,9,1.0,1,✓,"{'001': 14, '011': 25, '101': 40, '110': 4, '000': 2, '100': 1, '111': 12, '010': 2}"
FK12,malicious,0.2,circuit7117.qasm,11,1.0,1,✓,"{'001': 14, '111': 49, '011': 20, '101': 6, '000': 7, '100': 2, '010': 2}"
FK12,malicious,0.2,circuit7303.qasm,10,0.0,0,✓,"{'001': 50, '101': 32, '111': 13, '011': 5}"
FK12,malicious,0.2,circuit2890.qasm,11,0.0,0,✓,"{'001': 47, '101': 24, '011': 3, '111': 16, '110': 5, '010': 4, '000': 1}"
FK12,malicious,0.2,circuit8792.qasm,9,0.0,0,✓,"{'110': 17, '001': 48, '101': 18, '111': 5, '011': 7, '000': 2, '010': 2, '100': 1}"
FK12,malicious,0.2,circuit7116.qasm,8,1.0,0,✗,"{'010': 19, '100': 3, '110': 22, '011': 13, '111': 24, '001': 11, '000': 5, '101': 3}"
FK12,malicious,0.2,circuit3701.qasm,9,1.0,1,✓,"{'111': 30, '100': 26, '011': 18, '010': 6, '000': 5, '101': 7, '001': 3, '110': 5}"
FK12,malicious,0.2,circuit2235.qasm,9,0.0,0,✓,"{'111': 20, '001': 38, '000': 14, '011': 6, '101': 6, '010': 5, '100': 5, '110': 6}"
FK12,malicious,0.2,circuit2994.qasm,9,1.0,1,✓,"{'001': 27, '110': 15, '101': 39, '010': 9, '000': 6, '011': 2, '100': 2}"
FK12,malicious,0.2,circuit6300.qasm,6,1.0,1,✓,"{'010': 10, '000': 15, '110': 21, '011': 14, '101': 24, '111': 6, '001': 7, '100': 3}"
FK12,malicious,0.2,circuit3915.qasm,9,1.0,1,✓,"{'000': 19, '110': 24, '010': 22, '100': 25, '001': 2, '111': 3, '101': 2, '011': 3}"
FK12,malicious,0.2,circuit2758.qasm,11,0.0,0,✓,"{'000': 52, '100': 16, '110': 12, '010': 4, '011': 5, '111': 9, '001': 2}"
FK12,malicious,0.2,circuit4577.qasm,12,1.0,1,✓,"{'001': 19, '011': 10, '111': 38, '101': 4, '000': 9, '110': 8, '100': 7, '010': 5}"
FK12,malicious,0.2,circuit2912.qasm,12,0.0,0,✓,"{'110': 33, '100': 6, '001': 8, '000': 37, '111': 6, '010': 9, '101': 1}"
FK12,malicious,0.2,circuit5951.qasm,9,0.0,0,✓,"{'011': 20, '000': 20, '110': 15, '001': 5, '101': 16, '111': 12, '100': 6, '010': 6}"
FK12,malicious,0.2,circuit3825.qasm,14,1.0,1,✓,"{'100': 27, '101': 24, '000': 12, '111': 3, '011': 10, '001': 12, '110': 4, '010': 8}"
FK12,malicious,0.2,circuit2468.qasm,11,1.0,1,✓,"{'111': 54, '011': 37, '010': 4, '110': 5}"
FK12,malicious,0.2,circuit8166.qasm,8,0.0,0,✓,"{'110': 7, '100': 30, '111': 11, '000': 42, '010': 5, '011': 4, '101': 1}"
FK12,malicious,0.2,circuit5996.qasm,8,1.0,1,✓,"{'010': 20, '110': 25, '101': 6, '100': 22, '000': 17, '011': 3, '111': 4, '001': 3}"
FK12,malicious,0.2,circuit6162.qasm,9,1.0,1,✓,"{'110': 38, '001': 24, '101': 7, '000': 5, '011': 3, '111': 13, '010': 8, '100': 2}"
FK12,malicious,0.2,circuit5293.qasm,9,1.0,1,✓,"{'111': 19, '100': 41, '000': 21, '011': 19}"
FK12,malicious,0.2,circuit4361.qasm,12,0.0,0,✓,"{'111': 18, '100': 31, '000': 43, '011': 8}"
FK12,malicious,0.2,circuit7892.qasm,11,1.0,1,✓,"{'101': 49, '110': 9, '010': 16, '001': 16, '011': 5, '111': 3, '000': 1, '100': 1}"
FK12,malicious,0.2,circuit5525.qasm,15,1.0,1,✓,"{'010': 17, '100': 27, '110': 31, '000': 25}"
FK12,malicious,0.2,circuit0138.qasm,15,1.0,1,✓,"{'010': 12, '110': 50, '000': 36, '100': 2}"
FK12,malicious,0.2,circuit6783.qasm,13,0.0,0,✓,"{'001': 26, '111': 7, '000': 18, '110': 11, '011': 7, '100': 9, '101': 18, '010': 4}"
FK12,malicious,0.2,circuit7085.qasm,9,0.0,0,✓,"{'111': 27, '100': 17, '011': 51, '000': 5}"
FK12,malicious,0.2,circuit4214.qasm,11,1.0,1,✓,"{'001': 8, '101': 46, '010': 28, '100': 9, '110': 6, '011': 2, '111': 1}"
FK12,malicious,0.2,circuit4346.qasm,14,1.0,1,✓,"{'000': 26, '100': 7, '011': 23, '111': 44}"
FK12,malicious,0.2,circuit8996.qasm,7,0.0,0,✓,"{'100': 9, '011': 27, '101': 17, '001': 28, '111': 9, '010': 4, '110': 4, '000': 2}"
FK12,malicious,0.2,circuit4963.qasm,12,0.0,0,✓,"{'000': 10, '101': 27, '111': 9, '010': 41, '110': 9, '001': 1, '100': 3}"
FK12,malicious,0.2,circuit2069.qasm,9,1.0,1,✓,"{'100': 46, '011': 19, '101': 6, '001': 5, '000': 16, '111': 6, '110': 2}"
FK12,malicious,0.2,circuit8043.qasm,14,1.0,1,✓,"{'010': 24, '110': 46, '000': 10, '001': 9, '101': 9, '100': 1, '111': 1}"
FK12,malicious,0.2,circuit6756.qasm,11,0.0,0,✓,"{'010': 36, '110': 21, '111': 11, '101': 4, '000': 7, '001': 7, '100': 8, '011': 6}"
FK12,malicious,0.2,circuit5450.qasm,11,0.0,0,✓,"{'111': 31, '000': 11, '011': 46, '100': 12}"
FK12,malicious,0.2,circuit7443.qasm,10,0.0,0,✓,"{'010': 39, '110': 25, '000': 4, '101': 16, '100': 5, '001': 7, '111': 1, '011': 3}"
FK12,malicious,0.2,circuit1112.qasm,6,1.0,1,✓,"{'100': 48, '000': 18, '010': 6, '110': 6, '101': 6, '011': 13, '111': 3}"
FK12,malicious,0.2,circuit6034.qasm,7,1.0,1,✓,"{'111': 58, '011': 42}"
FK12,malicious,0.25,circuit5463.qasm,10,0.0,0,✓,"{'011': 45, '000': 11, '100': 25, '111': 19}"
FK12,malicious,0.25,circuit8843.qasm,13,1.0,1,✓,"{'100': 46, '111': 11, '000': 22, '011': 21}"
FK12,malicious,0.25,circuit3966.qasm,12,1.0,1,✓,"{'101': 64, '001': 30, '100': 5, '000': 1}"
FK12,malicious,0.25,circuit2875.qasm,13,1.0,1,✓,"{'111': 29, '011': 15, '001': 20, '101': 18, '000': 7, '100': 5, '110': 5, '010': 1}"
FK12,malicious,0.25,circuit5231.qasm,12,0.0,0,✓,"{'001': 56, '101': 30, '000': 9, '100': 5}"
FK12,malicious,0.25,circuit9797.qasm,14,0.0,0,✓,"{'110': 25, '000': 50, '100': 13, '010': 12}"
FK12,malicious,0.25,circuit9941.qasm,11,0.0,0,✓,"{'101': 6, '010': 32, '100': 12, '011': 7, '110': 18, '001': 11, '000': 2, '111': 12}"
FK12,malicious,0.25,circuit2569.qasm,11,1.0,1,✓,"{'111': 39, '001': 17, '011': 18, '110': 6, '000': 13, '100': 3, '101': 3, '010': 1}"
FK12,malicious,0.25,circuit0970.qasm,11,0.0,0,✓,"{'100': 11, '000': 16, '010': 35, '110': 29, '101': 4, '001': 4, '111': 1}"
FK12,malicious,0.25,circuit0389.qasm,13,1.0,1,✓,"{'110': 41, '100': 12, '000': 30, '010': 14, '101': 1, '111': 2}"
FK12,malicious,0.25,circuit9534.qasm,14,0.0,1,✗,"{'101': 12, '011': 4, '000': 21, '001': 24, '100': 19, '111': 5, '010': 7, '110': 8}"
FK12,malicious,0.25,circuit7354.qasm,10,1.0,1,✓,"{'010': 39, '111': 10, '110': 43, '011': 8}"
FK12,malicious,0.25,circuit6467.qasm,10,1.0,1,✓,"{'001': 12, '111': 11, '110': 13, '011': 9, '000': 12, '100': 19, '010': 11, '101': 13}"
FK12,malicious,0.25,circuit0874.qasm,15,0.0,0,✓,"{'011': 10, '100': 18, '010': 2, '000': 23, '001': 16, '111': 19, '101': 7, '110': 5}"
FK12,malicious,0.25,circuit2595.qasm,12,0.0,0,✓,"{'011': 52, '001': 3, '111': 17, '101': 10, '100': 11, '000': 5, '010': 2}"
FK12,malicious,0.25,circuit7404.qasm,12,1.0,1,✓,"{'011': 27, '111': 53, '000': 17, '100': 3}"
FK12,malicious,0.25,circuit1761.qasm,13,1.0,1,✓,"{'011': 21, '001': 22, '111': 18, '101': 39}"
FK12,malicious,0.25,circuit0614.qasm,9,1.0,1,✓,"{'110': 52, '010': 18, '101': 9, '001': 9, '000': 1, '100': 2, '011': 2, '111': 7}"
FK12,malicious,0.25,circuit6682.qasm,15,1.0,1,✓,"{'100': 11, '011': 31, '111': 47, '000': 11}"
FK12,malicious,0.25,circuit4894.qasm,15,0.0,0,✓,"{'010': 51, '110': 20, '101': 22, '001': 7}"
FK12,malicious,0.25,circuit9992.qasm,8,0.0,0,✓,"{'010': 21, '000': 18, '110': 13, '101': 11, '001': 19, '111': 7, '011': 7, '100': 4}"
FK12,malicious,0.25,circuit7338.qasm,8,1.0,1,✓,"{'010': 10, '111': 30, '000': 10, '011': 18, '100': 23, '001': 3, '110': 6}"
FK12,malicious,0.25,circuit9978.qasm,11,1.0,1,✓,"{'111': 43, '001': 21, '011': 18, '100': 7, '000': 2, '101': 4, '110': 3, '010': 2}"
FK12,malicious,0.25,circuit1952.qasm,9,1.0,1,✓,"{'111': 33, '010': 11, '110': 25, '011': 31}"
FK12,malicious,0.25,circuit8928.qasm,9,0.0,0,✓,"{'001': 43, '101': 7, '110': 19, '111': 18, '000': 6, '100': 1, '011': 4, '010': 2}"
FK12,malicious,0.25,circuit8080.qasm,11,1.0,1,✓,"{'110': 26, '010': 23, '001': 10, '000': 8, '111': 21, '100': 5, '011': 7}"
FK12,malicious,0.25,circuit4013.qasm,14,0.0,0,✓,"{'000': 15, '010': 18, '110': 10, '100': 8, '011': 20, '001': 13, '111': 7, '101': 9}"
FK12,malicious,0.25,circuit3926.qasm,11,0.0,0,✓,"{'011': 44, '111': 47, '000': 8, '100': 1}"
FK12,malicious,0.25,circuit6073.qasm,14,1.0,1,✓,"{'001': 30, '101': 49, '010': 9, '011': 8, '110': 1, '111': 3}"
FK12,malicious,0.25,circuit2622.qasm,9,0.0,0,✓,"{'111': 11, '001': 40, '010': 8, '101': 29, '110': 2, '011': 6, '100': 4}"
FK12,malicious,0.25,circuit4617.qasm,10,1.0,1,✓,"{'100': 24, '110': 2, '011': 7, '010': 9, '101': 28, '001': 11, '111': 7, '000': 12}"
FK12,malicious,0.25,circuit4460.qasm,15,0.0,0,✓,"{'100': 30, '000': 50, '111': 16, '011': 4}"
FK12,malicious,0.25,circuit5351.qasm,10,0.0,0,✓,"{'010': 51, '101': 11, '001': 7, '110': 23, '011': 5, '111': 3}"
FK12,malicious,0.25,circuit5990.qasm,13,1.0,1,✓,"{'111': 4, '110': 45, '010': 24, '101': 7, '001': 13, '011': 5, '100': 2}"
FK12,malicious,0.25,circuit3406.qasm,10,0.0,0,✓,"{'101': 15, '001': 25, '010': 19, '000': 11, '110': 13, '011': 8, '100': 3, '111': 6}"
FK12,malicious,0.25,circuit7046.qasm,12,0.0,0,✓,"{'011': 49, '101': 8, '111': 24, '000': 7, '010': 2, '001': 3, '110': 4, '100': 3}"
FK12,malicious,0.25,circuit0354.qasm,15,0.0,0,✓,"{'001': 5, '000': 49, '011': 7, '111': 7, '101': 5, '100': 23, '110': 4}"
FK12,malicious,0.25,circuit5594.qasm,8,1.0,1,✓,"{'000': 23, '110': 31, '101': 19, '100': 7, '011': 8, '001': 4, '010': 7, '111': 1}"
FK12,malicious,0.25,circuit3927.qasm,15,1.0,1,✓,"{'101': 45, '000': 5, '001': 16, '011': 24, '111': 4, '110': 5, '010': 1}"
FK12,malicious,0.25,circuit5377.qasm,14,0.0,0,✓,"{'010': 14, '111': 26, '011': 31, '100': 7, '000': 5, '101': 13, '110': 3, '001': 1}"
FK12,malicious,0.25,circuit2149.qasm,9,1.0,1,✓,"{'000': 24, '100': 51, '111': 10, '011': 15}"
FK12,malicious,0.25,circuit6984.qasm,12,1.0,1,✓,"{'110': 49, '010': 26, '101': 4, '100': 7, '001': 8, '000': 5, '011': 1}"
FK12,malicious,0.25,circuit9745.qasm,6,1.0,1,✓,"{'101': 38, '111': 14, '011': 25, '110': 6, '000': 5, '001': 10, '010': 1, '100': 1}"
FK12,malicious,0.25,circuit7303.qasm,11,0.0,0,✓,"{'001': 52, '011': 10, '111': 16, '101': 22}"
FK12,malicious,0.25,circuit2890.qasm,14,1.0,0,✗,"{'001': 34, '101': 34, '111': 19, '010': 6, '000': 1, '100': 2, '011': 3, '110': 1}"
FK12,malicious,0.25,circuit8792.qasm,12,1.0,0,✗,"{'110': 20, '001': 35, '101': 26, '111': 6, '000': 6, '100': 2, '011': 3, '010': 2}"
FK12,malicious,0.25,circuit7116.qasm,15,0.0,0,✓,"{'000': 10, '010': 23, '011': 14, '001': 12, '110': 20, '111': 15, '100': 5, '101': 1}"
FK12,malicious,0.25,circuit3701.qasm,13,1.0,1,✓,"{'110': 8, '000': 11, '011': 11, '010': 10, '001': 8, '111': 28, '100': 23, '101': 1}"
FK12,malicious,0.25,circuit2994.qasm,14,0.0,1,✗,"{'101': 26, '110': 14, '010': 13, '111': 1, '001': 38, '100': 4, '000': 4}"
FK12,malicious,0.25,circuit6300.qasm,9,1.0,1,✓,"{'000': 17, '110': 29, '101': 19, '011': 12, '010': 7, '111': 3, '001': 8, '100': 5}"
FK12,malicious,0.25,circuit3915.qasm,12,1.0,1,✓,"{'000': 18, '010': 22, '100': 26, '110': 17, '001': 4, '101': 2, '011': 4, '111': 7}"
FK12,malicious,0.25,circuit2758.qasm,10,0.0,0,✓,"{'000': 42, '100': 23, '111': 13, '011': 10, '110': 6, '101': 1, '001': 3, '010': 2}"
FK12,malicious,0.25,circuit2912.qasm,7,0.0,0,✓,"{'000': 33, '110': 25, '100': 15, '010': 14, '111': 4, '001': 8, '011': 1}"
FK12,malicious,0.25,circuit5951.qasm,7,0.0,0,✓,"{'000': 21, '100': 12, '110': 9, '010': 9, '101': 12, '011': 21, '111': 8, '001': 8}"
FK12,malicious,0.25,circuit2468.qasm,8,1.0,1,✓,"{'111': 52, '011': 37, '110': 5, '010': 6}"
FK12,malicious,0.25,circuit8166.qasm,10,0.0,0,✓,"{'100': 32, '111': 9, '011': 9, '000': 36, '010': 6, '001': 1, '110': 6, '101': 1}"
FK12,malicious,0.25,circuit0453.qasm,7,0.0,0,✓,"{'011': 19, '001': 30, '111': 22, '101': 14, '110': 7, '000': 4, '010': 3, '100': 1}"
FK12,malicious,0.25,circuit5996.qasm,9,1.0,1,✓,"{'110': 19, '101': 3, '000': 23, '010': 17, '100': 29, '111': 3, '011': 5, '001': 1}"
FK12,malicious,0.25,circuit6162.qasm,13,1.0,1,✓,"{'110': 38, '011': 5, '101': 8, '001': 16, '111': 17, '000': 7, '010': 9}"
FK12,malicious,0.25,circuit5293.qasm,9,1.0,1,✓,"{'111': 15, '000': 32, '100': 39, '011': 14}"
FK12,malicious,0.25,circuit9009.qasm,14,0.0,0,✓,"{'001': 50, '101': 17, '111': 6, '110': 14, '010': 8, '011': 3, '000': 2}"
FK12,malicious,0.25,circuit4361.qasm,10,0.0,0,✓,"{'000': 51, '100': 28, '111': 13, '011': 8}"
FK12,malicious,0.25,circuit7892.qasm,10,1.0,1,✓,"{'101': 42, '001': 23, '010': 12, '111': 6, '110': 6, '000': 2, '011': 9}"
FK12,malicious,0.25,circuit5525.qasm,13,1.0,1,✓,"{'100': 28, '110': 32, '000': 21, '010': 19}"
FK12,malicious,0.25,circuit0138.qasm,9,0.0,1,✗,"{'110': 39, '010': 17, '100': 6, '000': 38}"
FK12,malicious,0.25,circuit6783.qasm,10,0.0,0,✓,"{'011': 7, '010': 5, '000': 20, '101': 14, '111': 8, '001': 22, '110': 11, '100': 13}"
FK12,malicious,0.25,circuit2788.qasm,8,1.0,1,✓,"{'001': 14, '010': 19, '101': 11, '110': 45, '111': 3, '011': 5, '000': 2, '100': 1}"
FK12,malicious,0.25,circuit4346.qasm,11,1.0,1,✓,"{'111': 48, '000': 11, '011': 30, '100': 11}"
FK12,malicious,0.25,circuit8996.qasm,10,0.0,0,✓,"{'101': 13, '001': 22, '110': 9, '011': 29, '111': 10, '010': 6, '100': 7, '000': 4}"
FK12,malicious,0.25,circuit4963.qasm,5,0.0,0,✓,"{'110': 8, '101': 24, '010': 52, '100': 4, '001': 3, '000': 8, '111': 1}"
FK12,malicious,0.25,circuit2069.qasm,13,1.0,1,✓,"{'100': 44, '101': 3, '011': 19, '010': 4, '000': 22, '111': 6, '001': 1, '110': 1}"
FK12,malicious,0.25,circuit8043.qasm,10,1.0,1,✓,"{'010': 23, '110': 43, '011': 2, '001': 14, '111': 4, '000': 6, '100': 4, '101': 4}"
FK12,malicious,0.25,circuit6756.qasm,11,0.0,0,✓,"{'010': 38, '110': 27, '001': 9, '111': 8, '000': 4, '011': 4, '101': 5, '100': 5}"
FK12,malicious,0.25,circuit7253.qasm,14,1.0,1,✓,"{'110': 40, '010': 19, '001': 2, '100': 9, '000': 24, '011': 2, '101': 4}"
FK12,malicious,0.25,circuit5450.qasm,12,0.0,0,✓,"{'000': 10, '011': 49, '111': 27, '100': 14}"
FK12,malicious,0.25,circuit7443.qasm,10,1.0,0,✗,"{'100': 11, '110': 20, '101': 20, '010': 39, '001': 8, '000': 1, '111': 1}"
FK12,malicious,0.25,circuit1112.qasm,15,1.0,1,✓,"{'100': 40, '111': 8, '011': 16, '000': 26, '010': 6, '101': 2, '110': 2}"
FK12,malicious,0.25,circuit6034.qasm,10,1.0,1,✓,"{'111': 52, '011': 48}"
FK12,malicious,0.3,circuit5231.qasm,12,0.0,0,✓,"{'100': 3, '101': 44, '000': 11, '001': 42}"
FK12,malicious,0.3,circuit3874.qasm,15,1.0,1,✓,"{'110': 38, '101': 9, '001': 13, '010': 28, '100': 4, '000': 3, '111': 3, '011': 2}"
FK12,malicious,0.3,circuit9941.qasm,8,0.0,0,✓,"{'010': 29, '111': 20, '011': 9, '100': 10, '101': 3, '110': 12, '001': 8, '000': 9}"
FK12,malicious,0.3,circuit2569.qasm,14,1.0,1,✓,"{'100': 8, '011': 19, '000': 11, '001': 12, '111': 42, '101': 7, '110': 1}"
FK12,malicious,0.3,circuit8872.qasm,15,1.0,0,✗,"{'010': 16, '000': 33, '110': 35, '100': 16}"
FK12,malicious,0.3,circuit9534.qasm,13,0.0,1,✗,"{'111': 12, '011': 5, '100': 17, '101': 14, '001': 26, '000': 18, '010': 4, '110': 4}"
FK12,malicious,0.3,circuit0874.qasm,14,0.0,0,✓,"{'000': 33, '111': 12, '100': 18, '011': 7, '001': 16, '110': 9, '010': 1, '101': 4}"
FK12,malicious,0.3,circuit0736.qasm,13,0.0,0,✓,"{'101': 8, '000': 17, '011': 21, '100': 22, '010': 9, '001': 5, '111': 17, '110': 1}"
FK12,malicious,0.3,circuit7844.qasm,11,1.0,1,✓,"{'101': 15, '010': 8, '110': 32, '111': 3, '000': 20, '011': 7, '100': 8, '001': 7}"
FK12,malicious,0.3,circuit9496.qasm,13,1.0,1,✓,"{'000': 9, '111': 40, '001': 18, '010': 1, '101': 6, '011': 17, '100': 7, '110': 2}"
FK12,malicious,0.3,circuit7404.qasm,13,1.0,1,✓,"{'000': 19, '111': 39, '100': 18, '011': 24}"
FK12,malicious,0.3,circuit0614.qasm,14,1.0,1,✓,"{'111': 5, '110': 41, '001': 13, '010': 29, '101': 6, '100': 2, '011': 2, '000': 2}"
FK12,malicious,0.3,circuit3217.qasm,10,1.0,1,✓,"{'001': 2, '000': 14, '111': 42, '100': 12, '011': 25, '010': 2, '110': 3}"
FK12,malicious,0.3,circuit9992.qasm,14,0.0,0,✓,"{'000': 18, '100': 12, '011': 11, '010': 14, '001': 15, '101': 7, '111': 10, '110': 13}"
FK12,malicious,0.3,circuit7338.qasm,15,1.0,1,✓,"{'101': 1, '011': 21, '000': 6, '111': 32, '100': 18, '010': 13, '001': 4, '110': 5}"
FK12,malicious,0.3,circuit1952.qasm,14,1.0,1,✓,"{'010': 12, '011': 32, '111': 41, '110': 15}"
FK12,malicious,0.3,circuit8928.qasm,15,0.0,0,✓,"{'111': 11, '010': 11, '100': 4, '001': 33, '101': 11, '110': 18, '000': 5, '011': 7}"
FK12,malicious,0.3,circuit5723.qasm,15,0.0,1,✗,"{'101': 30, '001': 26, '111': 12, '011': 11, '000': 2, '010': 14, '100': 2, '110': 3}"
FK12,malicious,0.3,circuit4013.qasm,9,0.0,0,✓,"{'101': 17, '000': 15, '100': 12, '011': 12, '110': 6, '111': 12, '001': 13, '010': 13}"
FK12,malicious,0.3,circuit3926.qasm,12,1.0,0,✗,"{'011': 38, '111': 46, '100': 6, '000': 10}"
FK12,malicious,0.3,circuit2622.qasm,13,1.0,0,✗,"{'001': 33, '011': 8, '111': 15, '101': 31, '100': 2, '010': 5, '110': 5, '000': 1}"
FK12,malicious,0.3,circuit4617.qasm,10,0.0,1,✗,"{'011': 7, '111': 2, '010': 12, '100': 22, '000': 18, '110': 6, '101': 18, '001': 15}"
FK12,malicious,0.3,circuit3513.qasm,13,1.0,1,✓,"{'011': 19, '001': 6, '100': 21, '010': 3, '111': 23, '000': 13, '110': 9, '101': 6}"
FK12,malicious,0.3,circuit7046.qasm,12,1.0,0,✗,"{'111': 32, '100': 13, '011': 41, '110': 2, '101': 5, '000': 3, '001': 3, '010': 1}"
FK12,malicious,0.3,circuit5794.qasm,14,1.0,0,✗,"{'000': 33, '100': 27, '111': 11, '011': 7, '101': 4, '110': 12, '010': 5, '001': 1}"
FK12,malicious,0.3,circuit4065.qasm,13,0.0,0,✓,"{'111': 16, '110': 12, '001': 4, '000': 9, '101': 9, '010': 21, '011': 20, '100': 9}"
FK12,malicious,0.3,circuit2149.qasm,14,1.0,1,✓,"{'100': 34, '000': 29, '111': 18, '011': 19}"
FK12,malicious,0.3,circuit9745.qasm,13,1.0,1,✓,"{'101': 30, '111': 18, '011': 22, '110': 7, '001': 14, '000': 4, '100': 3, '010': 2}"
FK12,malicious,0.3,circuit4800.qasm,10,1.0,1,✓,"{'101': 13, '010': 16, '000': 8, '110': 33, '011': 10, '001': 13, '100': 5, '111': 2}"
FK12,malicious,0.3,circuit7303.qasm,15,0.0,0,✓,"{'001': 48, '111': 16, '011': 11, '101': 25}"
FK12,malicious,0.3,circuit2890.qasm,15,0.0,0,✓,"{'101': 29, '111': 12, '001': 42, '110': 3, '011': 8, '010': 5, '100': 1}"
FK12,malicious,0.3,circuit7116.qasm,11,0.0,0,✓,"{'011': 18, '111': 12, '000': 13, '010': 24, '001': 9, '110': 16, '100': 6, '101': 2}"
FK12,malicious,0.3,circuit3701.qasm,13,1.0,1,✓,"{'001': 6, '100': 24, '000': 15, '111': 24, '011': 16, '101': 5, '010': 7, '110': 3}"
FK12,malicious,0.3,circuit2994.qasm,14,1.0,1,✓,"{'101': 29, '110': 26, '001': 28, '010': 12, '011': 2, '100': 2, '000': 1}"
FK12,malicious,0.3,circuit6300.qasm,13,1.0,1,✓,"{'000': 8, '110': 24, '001': 8, '111': 5, '010': 10, '101': 27, '011': 13, '100': 5}"
FK12,malicious,0.3,circuit3915.qasm,11,1.0,1,✓,"{'100': 21, '110': 26, '000': 18, '101': 6, '010': 13, '011': 8, '111': 4, '001': 4}"
FK12,malicious,0.3,circuit2758.qasm,12,0.0,0,✓,"{'000': 42, '111': 13, '100': 24, '001': 5, '011': 6, '110': 7, '101': 1, '010': 2}"
FK12,malicious,0.3,circuit2912.qasm,13,0.0,0,✓,"{'110': 19, '100': 15, '010': 12, '000': 44, '001': 6, '101': 2, '111': 2}"
FK12,malicious,0.3,circuit5951.qasm,5,0.0,0,✓,"{'011': 23, '110': 15, '111': 5, '000': 19, '001': 7, '010': 7, '100': 14, '101': 10}"
FK12,malicious,0.3,circuit2468.qasm,10,0.0,1,✗,"{'011': 52, '111': 42, '110': 3, '010': 3}"
FK12,malicious,0.3,circuit5293.qasm,11,1.0,1,✓,"{'100': 45, '011': 13, '000': 29, '111': 13}"
FK12,malicious,0.3,circuit4361.qasm,14,0.0,0,✓,"{'100': 28, '011': 7, '000': 46, '111': 19}"
FK12,malicious,0.3,circuit0138.qasm,14,1.0,1,✓,"{'000': 29, '010': 15, '110': 46, '100': 10}"
FK12,malicious,0.3,circuit6783.qasm,15,0.0,0,✓,"{'010': 6, '011': 7, '001': 19, '111': 9, '000': 31, '101': 12, '100': 14, '110': 2}"
FK12,malicious,0.3,circuit7085.qasm,10,0.0,0,✓,"{'011': 51, '111': 30, '100': 10, '000': 9}"
FK12,malicious,0.3,circuit8996.qasm,13,1.0,0,✗,"{'111': 14, '011': 21, '100': 13, '101': 15, '001': 19, '110': 10, '010': 4, '000': 4}"
FK12,malicious,0.3,circuit4963.qasm,13,0.0,0,✓,"{'110': 18, '010': 34, '101': 19, '111': 4, '001': 16, '000': 6, '100': 2, '011': 1}"
FK12,malicious,0.3,circuit2069.qasm,13,1.0,1,✓,"{'001': 5, '100': 49, '011': 11, '101': 8, '111': 3, '000': 19, '110': 2, '010': 3}"
FK12,malicious,0.3,circuit7253.qasm,11,1.0,1,✓,"{'101': 11, '100': 10, '000': 20, '010': 20, '110': 36, '001': 2, '011': 1}"
FK12,malicious,0.3,circuit7443.qasm,12,0.0,0,✓,"{'010': 43, '001': 6, '100': 12, '101': 18, '110': 16, '111': 2, '011': 3}"
FK12,malicious,0.3,circuit6034.qasm,15,1.0,1,✓,"{'111': 55, '011': 45}"
FK12,malicious,0.35,circuit5463.qasm,15,0.0,0,✓,"{'011': 45, '111': 18, '100': 26, '000': 11}"
FK12,malicious,0.35,circuit8843.qasm,13,1.0,1,✓,"{'000': 37, '100': 44, '111': 8, '011': 11}"
FK12,malicious,0.35,circuit3966.qasm,15,1.0,1,✓,"{'001': 37, '101': 54, '000': 5, '100': 4}"
FK12,malicious,0.35,circuit2875.qasm,13,1.0,1,✓,"{'001': 18, '111': 35, '000': 4, '110': 5, '010': 2, '011': 21, '101': 11, '100': 4}"
FK12,malicious,0.35,circuit6764.qasm,14,0.0,0,✓,"{'000': 42, '100': 31, '111': 12, '011': 15}"
FK12,malicious,0.35,circuit9941.qasm,12,0.0,0,✓,"{'100': 15, '010': 34, '110': 11, '011': 10, '001': 12, '000': 7, '111': 7, '101': 4}"
FK12,malicious,0.35,circuit2569.qasm,11,1.0,1,✓,"{'011': 21, '001': 8, '111': 41, '000': 14, '100': 6, '101': 6, '110': 3, '010': 1}"
FK12,malicious,0.35,circuit8872.qasm,14,1.0,0,✗,"{'000': 28, '100': 25, '010': 18, '110': 29}"
FK12,malicious,0.35,circuit7354.qasm,13,1.0,1,✓,"{'111': 10, '110': 48, '010': 36, '011': 6}"
FK12,malicious,0.35,circuit0736.qasm,14,1.0,0,✗,"{'101': 8, '000': 21, '111': 17, '100': 16, '011': 17, '110': 13, '010': 7, '001': 1}"
FK12,malicious,0.35,circuit9496.qasm,13,1.0,1,✓,"{'101': 5, '000': 7, '001': 11, '010': 3, '111': 37, '011': 20, '110': 3, '100': 14}"
FK12,malicious,0.35,circuit6682.qasm,13,1.0,1,✓,"{'000': 14, '011': 33, '111': 44, '100': 9}"
FK12,malicious,0.35,circuit9978.qasm,14,1.0,1,✓,"{'010': 3, '001': 18, '111': 36, '011': 19, '101': 12, '000': 3, '100': 7, '110': 2}"
FK12,malicious,0.35,circuit4617.qasm,14,1.0,1,✓,"{'110': 4, '111': 6, '100': 26, '001': 16, '101': 24, '000': 14, '010': 5, '011': 5}"
FK12,malicious,0.35,circuit3513.qasm,13,1.0,1,✓,"{'011': 20, '000': 12, '100': 22, '101': 7, '010': 10, '001': 4, '111': 22, '110': 3}"
FK12,malicious,0.35,circuit5990.qasm,10,1.0,1,✓,"{'010': 29, '110': 38, '001': 14, '011': 5, '111': 2, '101': 7, '100': 4, '000': 1}"
FK12,malicious,0.35,circuit3406.qasm,13,0.0,0,✓,"{'101': 18, '110': 17, '001': 19, '000': 10, '011': 9, '100': 7, '111': 5, '010': 15}"
FK12,malicious,0.35,circuit7046.qasm,14,0.0,0,✓,"{'011': 43, '111': 27, '101': 8, '110': 1, '100': 10, '001': 7, '010': 1, '000': 3}"
FK12,malicious,0.35,circuit5794.qasm,15,0.0,0,✓,"{'111': 8, '000': 35, '100': 21, '010': 15, '011': 7, '101': 3, '110': 11}"
FK12,malicious,0.35,circuit0354.qasm,11,0.0,0,✓,"{'000': 42, '100': 26, '111': 8, '011': 12, '101': 4, '010': 1, '110': 3, '001': 4}"
FK12,malicious,0.35,circuit5377.qasm,13,0.0,0,✓,"{'100': 10, '011': 30, '111': 24, '010': 11, '101': 7, '001': 6, '110': 6, '000': 6}"
FK12,malicious,0.35,circuit2149.qasm,14,1.0,1,✓,"{'100': 49, '111': 7, '000': 32, '011': 12}"
FK12,malicious,0.35,circuit4800.qasm,15,1.0,1,✓,"{'010': 18, '001': 15, '011': 7, '000': 9, '110': 25, '101': 16, '111': 4, '100': 6}"
FK12,malicious,0.35,circuit2235.qasm,9,0.0,0,✓,"{'001': 24, '110': 8, '101': 11, '011': 10, '111': 21, '100': 6, '010': 12, '000': 8}"
FK12,malicious,0.35,circuit5951.qasm,10,0.0,0,✓,"{'010': 11, '111': 9, '001': 10, '110': 12, '011': 14, '100': 12, '000': 20, '101': 12}"
FK12,malicious,0.35,circuit2468.qasm,11,0.0,1,✗,"{'111': 45, '011': 50, '010': 4, '110': 1}"
FK12,malicious,0.35,circuit0453.qasm,12,0.0,0,✓,"{'011': 22, '101': 19, '001': 27, '111': 23, '110': 3, '100': 3, '000': 3}"
FK12,malicious,0.35,circuit5996.qasm,12,1.0,1,✓,"{'000': 22, '001': 2, '100': 22, '010': 19, '110': 29, '111': 4, '011': 2}"
FK12,malicious,0.35,circuit5293.qasm,14,1.0,1,✓,"{'000': 32, '100': 38, '111': 19, '011': 11}"
FK12,malicious,0.35,circuit9009.qasm,9,1.0,0,✗,"{'101': 30, '001': 30, '011': 4, '111': 12, '010': 11, '110': 9, '000': 3, '100': 1}"
FK12,malicious,0.35,circuit4361.qasm,15,1.0,0,✗,"{'100': 44, '111': 13, '000': 32, '011': 11}"
FK12,malicious,0.35,circuit5525.qasm,12,1.0,1,✓,"{'110': 27, '010': 23, '100': 32, '000': 18}"
FK12,malicious,0.35,circuit7085.qasm,15,1.0,0,✗,"{'100': 23, '011': 34, '000': 15, '111': 28}"
FK12,malicious,0.35,circuit7443.qasm,15,0.0,0,✓,"{'010': 34, '011': 5, '110': 30, '101': 12, '001': 9, '000': 3, '111': 2, '100': 5}"
FK12,malicious,0.35,circuit1112.qasm,14,1.0,1,✓,"{'100': 38, '000': 27, '011': 13, '010': 7, '110': 4, '111': 6, '101': 3, '001': 2}"
FK12,malicious,0.4,circuit3966.qasm,10,1.0,1,✓,"{'101': 50, '001': 44, '100': 4, '000': 2}"
FK12,malicious,0.4,circuit9797.qasm,14,1.0,0,✗,"{'110': 26, '000': 33, '100': 32, '010': 9}"
FK12,malicious,0.4,circuit3874.qasm,11,1.0,1,✓,"{'110': 41, '010': 22, '001': 17, '000': 5, '101': 8, '100': 6, '011': 1}"
FK12,malicious,0.4,circuit8080.qasm,11,1.0,1,✓,"{'000': 7, '011': 10, '110': 20, '100': 11, '111': 16, '010': 26, '001': 5, '101': 5}"
FK12,malicious,0.4,circuit3926.qasm,12,1.0,0,✗,"{'111': 42, '000': 8, '100': 9, '011': 41}"
FK12,malicious,0.4,circuit5351.qasm,14,0.0,0,✓,"{'101': 8, '010': 47, '110': 17, '011': 5, '001': 14, '111': 6, '000': 2, '100': 1}"
FK12,malicious,0.4,circuit5990.qasm,12,0.0,1,✗,"{'110': 35, '001': 16, '010': 36, '111': 5, '101': 5, '100': 1, '000': 1, '011': 1}"
FK12,malicious,0.4,circuit7117.qasm,12,0.0,1,✗,"{'011': 32, '111': 33, '001': 13, '010': 2, '101': 9, '110': 1, '000': 6, '100': 4}"
FK12,malicious,0.4,circuit3701.qasm,14,1.0,1,✓,"{'111': 22, '000': 15, '001': 4, '101': 6, '011': 18, '010': 8, '100': 22, '110': 5}"
FK12,malicious,0.4,circuit8166.qasm,12,0.0,0,✓,"{'100': 34, '000': 39, '110': 5, '010': 5, '011': 9, '111': 7, '001': 1}"
FK12,malicious,0.4,circuit5996.qasm,15,1.0,1,✓,"{'110': 24, '100': 22, '010': 23, '000': 15, '011': 7, '001': 4, '101': 3, '111': 2}"
FK12,malicious,0.4,circuit8043.qasm,15,1.0,1,✓,"{'001': 5, '010': 37, '110': 38, '101': 3, '000': 7, '100': 10}"
FK12,malicious,0.5,circuit5351.qasm,15,1.0,0,✗,"{'101': 14, '110': 36, '010': 29, '111': 5, '001': 9, '100': 1, '000': 2, '011': 4}"
FK12,malicious,0.5,circuit9009.qasm,15,0.0,0,✓,"{'001': 36, '101': 26, '110': 15, '010': 9, '100': 3, '111': 4, '011': 7}"
